http://example.org/stkg/Platform	http://www.w3.org/2002/07/owl#sameAs	http://example.org/stkg/id/Platform
http://example.org/stkg/PositionObservation	http://www.w3.org/2002/07/owl#sameAs	http://example.org/stkg/id/PositionObservation
http://example.org/stkg/obs/pos/BTR80/20260205T223812Z/1	http://www.w3.org/2002/07/owl#sameAs	http://example.org/stkg/id/obs_pos_BTR80_20260205T223812Z_1
http://example.org/stkg/obs/pos/BTR80/20260205T223813Z/2	http://www.w3.org/2002/07/owl#sameAs	http://example.org/stkg/id/obs_pos_BTR80_20260205T223813Z_2
http://example.org/stkg/obs/pos/BTR80/20260205T223814Z/3	http://www.w3.org/2002/07/owl#sameAs	http://example.org/stkg/id/obs_pos_BTR80_20260205T223814Z_3
http://example.org/stkg/obs/pos/BTR80/20260205T223815Z/4	http://www.w3.org/2002/07/owl#sameAs	http://example.org/stkg/id/obs_pos_BTR80_20260205T223815Z_4
http://example.org/stkg/obs/pos/BTR80/20260205T223816Z/5	http://www.w3.org/2002/07/owl#sameAs	http://example.org/stkg/id/obs_pos_BTR80_20260205T223816Z_5
http://example.org/stkg/obs/pos/BTR80/20260205T223817Z/6	http://www.w3.org/2002/07/owl#sameAs	http://example.org/stkg/id/obs_pos_BTR80_20260205T223817Z_6
http://example.org/stkg/obs/pos/BTR80/20260205T223818Z/7	http://www.w3.org/2002/07/owl#sameAs	http://example.org/stkg/id/obs_pos_BTR80_20260205T223818Z_7
http://example.org/stkg/obs/pos/BTR80/20260205T223819Z/8	http://www.w3.org/2002/07/owl#sameAs	http://example.org/stkg/id/obs_pos_BTR80_20260205T223819Z_8
http://example.org/stkg/obs/pos/BTR80/20260205T223820Z/9	http://www.w3.org/2002/07/owl#sameAs	http://example.org/stkg/id/obs_pos_BTR80_20260205T223820Z_9
http://example.org/stkg/obs/pos/BTR80/20260205T223821Z/10	http://www.w3.org/2002/07/owl#sameAs	http://example.org/stkg/id/obs_pos_BTR80_20260205T223821Z_10
http://example.org/stkg/obs/pos/BTR80/20260205T223822Z/11	http://www.w3.org/2002/07/owl#sameAs	http://example.org/stkg/id/obs_pos_BTR80_20260205T223822Z_11
http://example.org/stkg/obs/pos/BTR80/20260205T223823Z/12	http://www.w3.org/2002/07/owl#sameAs	http://example.org/stkg/id/obs_pos_BTR80_20260205T223823Z_12
http://example.org/stkg/obs/pos/BTR80/20260205T223824Z/13	http://www.w3.org/2002/07/owl#sameAs	http://example.org/stkg/id/obs_pos_BTR80_20260205T223824Z_13
http://example.org/stkg/obs/pos/BTR80/20260205T223825Z/14	http://www.w3.org/2002/07/owl#sameAs	http://example.org/stkg/id/obs_pos_BTR80_20260205T223825Z_14
http://example.org/stkg/obs/pos/BTR80/20260205T223826Z/15	http://www.w3.org/2002/07/owl#sameAs	http://example.org/stkg/id/obs_pos_BTR80_20260205T223826Z_15
http://example.org/stkg/obs/pos/BTR80/20260205T223827Z/16	http://www.w3.org/2002/07/owl#sameAs	http://example.org/stkg/id/obs_pos_BTR80_20260205T223827Z_16
http://example.org/stkg/obs/pos/BTR80/20260205T223828Z/17	http://www.w3.org/2002/07/owl#sameAs	http://example.org/stkg/id/obs_pos_BTR80_20260205T223828Z_17
http://example.org/stkg/obs/pos/BTR80/20260205T223829Z/18	http://www.w3.org/2002/07/owl#sameAs	http://example.org/stkg/id/obs_pos_BTR80_20260205T223829Z_18
http://example.org/stkg/obs/pos/BTR80/20260205T223830Z/19	http://www.w3.org/2002/07/owl#sameAs	http://example.org/stkg/id/obs_pos_BTR80_20260205T223830Z_19
http://example.org/stkg/obs/pos/BTR80/20260205T223831Z/20	http://www.w3.org/2002/07/owl#sameAs	http://example.org/stkg/id/obs_pos_BTR80_20260205T223831Z_20
http://example.org/stkg/obs/pos/BTR80/20260205T223832Z/21	http://www.w3.org/2002/07/owl#sameAs	http://example.org/stkg/id/obs_pos_BTR80_20260205T223832Z_21
http://example.org/stkg/obs/pos/BTR80/20260205T223833Z/22	http://www.w3.org/2002/07/owl#sameAs	http://example.org/stkg/id/obs_pos_BTR80_20260205T223833Z_22
http://example.org/stkg/obs/pos/BTR80/20260205T223834Z/23	http://www.w3.org/2002/07/owl#sameAs	http://example.org/stkg/id/obs_pos_BTR80_20260205T223834Z_23
http://example.org/stkg/obs/pos/BTR80/20260205T223835Z/24	http://www.w3.org/2002/07/owl#sameAs	http://example.org/stkg/id/obs_pos_BTR80_20260205T223835Z_24
http://example.org/stkg/obs/pos/BTR80/20260205T223836Z/25	http://www.w3.org/2002/07/owl#sameAs	http://example.org/stkg/id/obs_pos_BTR80_20260205T223836Z_25
http://example.org/stkg/obs/pos/BTR80/20260205T223837Z/26	http://www.w3.org/2002/07/owl#sameAs	http://example.org/stkg/id/obs_pos_BTR80_20260205T223837Z_26
http://example.org/stkg/obs/pos/BTR80/20260205T223838Z/27	http://www.w3.org/2002/07/owl#sameAs	http://example.org/stkg/id/obs_pos_BTR80_20260205T223838Z_27
http://example.org/stkg/obs/pos/BTR80/20260205T223839Z/28	http://www.w3.org/2002/07/owl#sameAs	http://example.org/stkg/id/obs_pos_BTR80_20260205T223839Z_28
http://example.org/stkg/obs/pos/BTR80/20260205T223840Z/29	http://www.w3.org/2002/07/owl#sameAs	http://example.org/stkg/id/obs_pos_BTR80_20260205T223840Z_29
http://example.org/stkg/obs/pos/BTR80/20260205T223841Z/30	http://www.w3.org/2002/07/owl#sameAs	http://example.org/stkg/id/obs_pos_BTR80_20260205T223841Z_30
http://example.org/stkg/obs/pos/BTR80/20260205T223842Z/31	http://www.w3.org/2002/07/owl#sameAs	http://example.org/stkg/id/obs_pos_BTR80_20260205T223842Z_31
http://example.org/stkg/obs/pos/BTR80/20260205T223843Z/32	http://www.w3.org/2002/07/owl#sameAs	http://example.org/stkg/id/obs_pos_BTR80_20260205T223843Z_32
http://example.org/stkg/obs/pos/BTR80/20260205T223844Z/33	http://www.w3.org/2002/07/owl#sameAs	http://example.org/stkg/id/obs_pos_BTR80_20260205T223844Z_33
http://example.org/stkg/obs/pos/BTR80/20260205T223845Z/34	http://www.w3.org/2002/07/owl#sameAs	http://example.org/stkg/id/obs_pos_BTR80_20260205T223845Z_34
http://example.org/stkg/obs/pos/BTR80/20260205T223846Z/35	http://www.w3.org/2002/07/owl#sameAs	http://example.org/stkg/id/obs_pos_BTR80_20260205T223846Z_35
http://example.org/stkg/obs/pos/BTR80/20260205T223847Z/36	http://www.w3.org/2002/07/owl#sameAs	http://example.org/stkg/id/obs_pos_BTR80_20260205T223847Z_36
http://example.org/stkg/obs/pos/BTR80/20260205T223848Z/37	http://www.w3.org/2002/07/owl#sameAs	http://example.org/stkg/id/obs_pos_BTR80_20260205T223848Z_37
http://example.org/stkg/obs/pos/BTR80/20260205T223849Z/38	http://www.w3.org/2002/07/owl#sameAs	http://example.org/stkg/id/obs_pos_BTR80_20260205T223849Z_38
http://example.org/stkg/obs/pos/BTR80/20260205T223850Z/39	http://www.w3.org/2002/07/owl#sameAs	http://example.org/stkg/id/obs_pos_BTR80_20260205T223850Z_39
http://example.org/stkg/obs/pos/BTR80/20260205T223851Z/40	http://www.w3.org/2002/07/owl#sameAs	http://example.org/stkg/id/obs_pos_BTR80_20260205T223851Z_40
http://example.org/stkg/obs/pos/BTR80/20260205T223852Z/41	http://www.w3.org/2002/07/owl#sameAs	http://example.org/stkg/id/obs_pos_BTR80_20260205T223852Z_41
http://example.org/stkg/obs/pos/BTR80/20260205T223853Z/42	http://www.w3.org/2002/07/owl#sameAs	http://example.org/stkg/id/obs_pos_BTR80_20260205T223853Z_42
http://example.org/stkg/obs/pos/BTR80/20260205T223854Z/43	http://www.w3.org/2002/07/owl#sameAs	http://example.org/stkg/id/obs_pos_BTR80_20260205T223854Z_43
http://example.org/stkg/obs/pos/BTR80/20260205T223855Z/44	http://www.w3.org/2002/07/owl#sameAs	http://example.org/stkg/id/obs_pos_BTR80_20260205T223855Z_44
http://example.org/stkg/obs/pos/BTR80/20260205T223856Z/45	http://www.w3.org/2002/07/owl#sameAs	http://example.org/stkg/id/obs_pos_BTR80_20260205T223856Z_45
http://example.org/stkg/obs/pos/BTR80/20260205T223857Z/46	http://www.w3.org/2002/07/owl#sameAs	http://example.org/stkg/id/obs_pos_BTR80_20260205T223857Z_46
http://example.org/stkg/obs/pos/BTR80/20260205T223858Z/47	http://www.w3.org/2002/07/owl#sameAs	http://example.org/stkg/id/obs_pos_BTR80_20260205T223858Z_47
http://example.org/stkg/obs/pos/BTR80/20260205T223859Z/48	http://www.w3.org/2002/07/owl#sameAs	http://example.org/stkg/id/obs_pos_BTR80_20260205T223859Z_48
http://example.org/stkg/obs/pos/BTR80/20260205T223900Z/49	http://www.w3.org/2002/07/owl#sameAs	http://example.org/stkg/id/obs_pos_BTR80_20260205T223900Z_49
http://example.org/stkg/obs/pos/BTR80/20260205T223901Z/50	http://www.w3.org/2002/07/owl#sameAs	http://example.org/stkg/id/obs_pos_BTR80_20260205T223901Z_50
http://example.org/stkg/obs/pos/BTR80/20260205T223902Z/51	http://www.w3.org/2002/07/owl#sameAs	http://example.org/stkg/id/obs_pos_BTR80_20260205T223902Z_51
http://example.org/stkg/obs/pos/BTR80/20260205T223903Z/52	http://www.w3.org/2002/07/owl#sameAs	http://example.org/stkg/id/obs_pos_BTR80_20260205T223903Z_52
http://example.org/stkg/obs/pos/BTR80/20260205T223904Z/53	http://www.w3.org/2002/07/owl#sameAs	http://example.org/stkg/id/obs_pos_BTR80_20260205T223904Z_53
http://example.org/stkg/obs/pos/BTR80/20260205T223905Z/54	http://www.w3.org/2002/07/owl#sameAs	http://example.org/stkg/id/obs_pos_BTR80_20260205T223905Z_54
http://example.org/stkg/obs/pos/BTR80/20260205T223906Z/55	http://www.w3.org/2002/07/owl#sameAs	http://example.org/stkg/id/obs_pos_BTR80_20260205T223906Z_55
http://example.org/stkg/obs/pos/BTR80/20260205T223907Z/56	http://www.w3.org/2002/07/owl#sameAs	http://example.org/stkg/id/obs_pos_BTR80_20260205T223907Z_56
http://example.org/stkg/obs/pos/BTR80/20260205T223908Z/57	http://www.w3.org/2002/07/owl#sameAs	http://example.org/stkg/id/obs_pos_BTR80_20260205T223908Z_57
http://example.org/stkg/obs/pos/BTR80/20260205T223909Z/58	http://www.w3.org/2002/07/owl#sameAs	http://example.org/stkg/id/obs_pos_BTR80_20260205T223909Z_58
http://example.org/stkg/obs/pos/BTR80/20260205T223910Z/59	http://www.w3.org/2002/07/owl#sameAs	http://example.org/stkg/id/obs_pos_BTR80_20260205T223910Z_59
http://example.org/stkg/obs/pos/BTR80/20260205T223911Z/60	http://www.w3.org/2002/07/owl#sameAs	http://example.org/stkg/id/obs_pos_BTR80_20260205T223911Z_60
http://example.org/stkg/obs/pos/BTR80/20260205T223912Z/61	http://www.w3.org/2002/07/owl#sameAs	http://example.org/stkg/id/obs_pos_BTR80_20260205T223912Z_61
http://example.org/stkg/obs/pos/BTR80/20260205T223913Z/62	http://www.w3.org/2002/07/owl#sameAs	http://example.org/stkg/id/obs_pos_BTR80_20260205T223913Z_62
http://example.org/stkg/obs/pos/BTR80/20260205T223914Z/63	http://www.w3.org/2002/07/owl#sameAs	http://example.org/stkg/id/obs_pos_BTR80_20260205T223914Z_63
http://example.org/stkg/obs/pos/BTR80/20260205T223915Z/64	http://www.w3.org/2002/07/owl#sameAs	http://example.org/stkg/id/obs_pos_BTR80_20260205T223915Z_64
http://example.org/stkg/obs/pos/BTR80/20260205T223916Z/65	http://www.w3.org/2002/07/owl#sameAs	http://example.org/stkg/id/obs_pos_BTR80_20260205T223916Z_65
http://example.org/stkg/obs/pos/BTR80/20260205T223917Z/66	http://www.w3.org/2002/07/owl#sameAs	http://example.org/stkg/id/obs_pos_BTR80_20260205T223917Z_66
http://example.org/stkg/obs/pos/BTR80/20260205T223918Z/67	http://www.w3.org/2002/07/owl#sameAs	http://example.org/stkg/id/obs_pos_BTR80_20260205T223918Z_67
http://example.org/stkg/obs/pos/BTR80/20260205T223919Z/68	http://www.w3.org/2002/07/owl#sameAs	http://example.org/stkg/id/obs_pos_BTR80_20260205T223919Z_68
http://example.org/stkg/obs/pos/BTR80/20260205T223920Z/69	http://www.w3.org/2002/07/owl#sameAs	http://example.org/stkg/id/obs_pos_BTR80_20260205T223920Z_69
http://example.org/stkg/obs/pos/BTR80/20260205T223921Z/70	http://www.w3.org/2002/07/owl#sameAs	http://example.org/stkg/id/obs_pos_BTR80_20260205T223921Z_70
http://example.org/stkg/obs/pos/BTR80/20260205T223922Z/71	http://www.w3.org/2002/07/owl#sameAs	http://example.org/stkg/id/obs_pos_BTR80_20260205T223922Z_71
http://example.org/stkg/obs/pos/BTR80/20260205T223923Z/72	http://www.w3.org/2002/07/owl#sameAs	http://example.org/stkg/id/obs_pos_BTR80_20260205T223923Z_72
http://example.org/stkg/obs/pos/BTR80/20260205T223924Z/73	http://www.w3.org/2002/07/owl#sameAs	http://example.org/stkg/id/obs_pos_BTR80_20260205T223924Z_73
http://example.org/stkg/obs/pos/BTR80/20260205T223925Z/74	http://www.w3.org/2002/07/owl#sameAs	http://example.org/stkg/id/obs_pos_BTR80_20260205T223925Z_74
http://example.org/stkg/obs/pos/BTR80/20260205T223926Z/75	http://www.w3.org/2002/07/owl#sameAs	http://example.org/stkg/id/obs_pos_BTR80_20260205T223926Z_75
http://example.org/stkg/obs/pos/BTR80/20260205T223927Z/76	http://www.w3.org/2002/07/owl#sameAs	http://example.org/stkg/id/obs_pos_BTR80_20260205T223927Z_76
http://example.org/stkg/obs/pos/BTR80/20260205T223928Z/77	http://www.w3.org/2002/07/owl#sameAs	http://example.org/stkg/id/obs_pos_BTR80_20260205T223928Z_77
http://example.org/stkg/obs/pos/BTR80/20260205T223929Z/78	http://www.w3.org/2002/07/owl#sameAs	http://example.org/stkg/id/obs_pos_BTR80_20260205T223929Z_78
http://example.org/stkg/obs/pos/BTR80/20260205T223930Z/79	http://www.w3.org/2002/07/owl#sameAs	http://example.org/stkg/id/obs_pos_BTR80_20260205T223930Z_79
http://example.org/stkg/obs/pos/BTR80/20260205T223931Z/80	http://www.w3.org/2002/07/owl#sameAs	http://example.org/stkg/id/obs_pos_BTR80_20260205T223931Z_80
http://example.org/stkg/obs/pos/BTR80/20260205T223932Z/81	http://www.w3.org/2002/07/owl#sameAs	http://example.org/stkg/id/obs_pos_BTR80_20260205T223932Z_81
http://example.org/stkg/obs/pos/BTR80/20260205T223933Z/82	http://www.w3.org/2002/07/owl#sameAs	http://example.org/stkg/id/obs_pos_BTR80_20260205T223933Z_82
http://example.org/stkg/obs/pos/BTR80/20260205T223934Z/83	http://www.w3.org/2002/07/owl#sameAs	http://example.org/stkg/id/obs_pos_BTR80_20260205T223934Z_83
http://example.org/stkg/obs/pos/BTR80/20260205T223935Z/84	http://www.w3.org/2002/07/owl#sameAs	http://example.org/stkg/id/obs_pos_BTR80_20260205T223935Z_84
http://example.org/stkg/obs/pos/BTR80/20260205T223936Z/85	http://www.w3.org/2002/07/owl#sameAs	http://example.org/stkg/id/obs_pos_BTR80_20260205T223936Z_85
http://example.org/stkg/obs/pos/BTR80/20260205T223937Z/86	http://www.w3.org/2002/07/owl#sameAs	http://example.org/stkg/id/obs_pos_BTR80_20260205T223937Z_86
http://example.org/stkg/obs/pos/BTR80/20260205T223938Z/87	http://www.w3.org/2002/07/owl#sameAs	http://example.org/stkg/id/obs_pos_BTR80_20260205T223938Z_87
http://example.org/stkg/obs/pos/BTR80/20260205T223939Z/88	http://www.w3.org/2002/07/owl#sameAs	http://example.org/stkg/id/obs_pos_BTR80_20260205T223939Z_88
http://example.org/stkg/obs/pos/BTR80/20260205T223940Z/89	http://www.w3.org/2002/07/owl#sameAs	http://example.org/stkg/id/obs_pos_BTR80_20260205T223940Z_89
http://example.org/stkg/obs/pos/BTR80/20260205T223941Z/90	http://www.w3.org/2002/07/owl#sameAs	http://example.org/stkg/id/obs_pos_BTR80_20260205T223941Z_90
http://example.org/stkg/obs/pos/BTR80/20260205T223942Z/91	http://www.w3.org/2002/07/owl#sameAs	http://example.org/stkg/id/obs_pos_BTR80_20260205T223942Z_91
http://example.org/stkg/obs/pos/BTR80/20260205T223943Z/92	http://www.w3.org/2002/07/owl#sameAs	http://example.org/stkg/id/obs_pos_BTR80_20260205T223943Z_92
http://example.org/stkg/obs/pos/BTR80/20260205T223944Z/93	http://www.w3.org/2002/07/owl#sameAs	http://example.org/stkg/id/obs_pos_BTR80_20260205T223944Z_93
http://example.org/stkg/obs/pos/BTR80/20260205T223945Z/94	http://www.w3.org/2002/07/owl#sameAs	http://example.org/stkg/id/obs_pos_BTR80_20260205T223945Z_94
http://example.org/stkg/obs/pos/BTR80/20260205T223946Z/95	http://www.w3.org/2002/07/owl#sameAs	http://example.org/stkg/id/obs_pos_BTR80_20260205T223946Z_95
http://example.org/stkg/obs/pos/BTR80/20260205T223947Z/96	http://www.w3.org/2002/07/owl#sameAs	http://example.org/stkg/id/obs_pos_BTR80_20260205T223947Z_96
http://example.org/stkg/obs/pos/BTR80/20260205T223948Z/97	http://www.w3.org/2002/07/owl#sameAs	http://example.org/stkg/id/obs_pos_BTR80_20260205T223948Z_97
http://example.org/stkg/obs/pos/BTR80/20260205T223949Z/98	http://www.w3.org/2002/07/owl#sameAs	http://example.org/stkg/id/obs_pos_BTR80_20260205T223949Z_98
http://example.org/stkg/obs/pos/BTR80/20260205T223950Z/99	http://www.w3.org/2002/07/owl#sameAs	http://example.org/stkg/id/obs_pos_BTR80_20260205T223950Z_99
http://example.org/stkg/obs/pos/BTR80/20260205T223951Z/100	http://www.w3.org/2002/07/owl#sameAs	http://example.org/stkg/id/obs_pos_BTR80_20260205T223951Z_100
http://example.org/stkg/obs/pos/BTR80/20260205T223952Z/101	http://www.w3.org/2002/07/owl#sameAs	http://example.org/stkg/id/obs_pos_BTR80_20260205T223952Z_101
http://example.org/stkg/obs/pos/BTR80/20260205T223953Z/102	http://www.w3.org/2002/07/owl#sameAs	http://example.org/stkg/id/obs_pos_BTR80_20260205T223953Z_102
http://example.org/stkg/obs/pos/BTR80/20260205T223954Z/103	http://www.w3.org/2002/07/owl#sameAs	http://example.org/stkg/id/obs_pos_BTR80_20260205T223954Z_103
http://example.org/stkg/obs/pos/BTR80/20260205T223955Z/104	http://www.w3.org/2002/07/owl#sameAs	http://example.org/stkg/id/obs_pos_BTR80_20260205T223955Z_104
http://example.org/stkg/obs/pos/BTR80/20260205T223956Z/105	http://www.w3.org/2002/07/owl#sameAs	http://example.org/stkg/id/obs_pos_BTR80_20260205T223956Z_105
http://example.org/stkg/obs/pos/BTR80/20260205T223957Z/106	http://www.w3.org/2002/07/owl#sameAs	http://example.org/stkg/id/obs_pos_BTR80_20260205T223957Z_106
http://example.org/stkg/obs/pos/BTR80/20260205T223958Z/107	http://www.w3.org/2002/07/owl#sameAs	http://example.org/stkg/id/obs_pos_BTR80_20260205T223958Z_107
http://example.org/stkg/obs/pos/BTR80/20260205T223959Z/108	http://www.w3.org/2002/07/owl#sameAs	http://example.org/stkg/id/obs_pos_BTR80_20260205T223959Z_108
http://example.org/stkg/obs/pos/BTR80/20260205T224000Z/109	http://www.w3.org/2002/07/owl#sameAs	http://example.org/stkg/id/obs_pos_BTR80_20260205T224000Z_109
http://example.org/stkg/obs/pos/BTR80/20260205T224001Z/110	http://www.w3.org/2002/07/owl#sameAs	http://example.org/stkg/id/obs_pos_BTR80_20260205T224001Z_110
http://example.org/stkg/obs/pos/BTR80/20260205T224002Z/111	http://www.w3.org/2002/07/owl#sameAs	http://example.org/stkg/id/obs_pos_BTR80_20260205T224002Z_111
http://example.org/stkg/obs/pos/BTR80/20260205T224003Z/112	http://www.w3.org/2002/07/owl#sameAs	http://example.org/stkg/id/obs_pos_BTR80_20260205T224003Z_112
http://example.org/stkg/obs/pos/BTR80/20260205T224004Z/113	http://www.w3.org/2002/07/owl#sameAs	http://example.org/stkg/id/obs_pos_BTR80_20260205T224004Z_113
http://example.org/stkg/obs/pos/BTR80/20260205T224005Z/114	http://www.w3.org/2002/07/owl#sameAs	http://example.org/stkg/id/obs_pos_BTR80_20260205T224005Z_114
http://example.org/stkg/obs/pos/BTR80/20260205T224006Z/115	http://www.w3.org/2002/07/owl#sameAs	http://example.org/stkg/id/obs_pos_BTR80_20260205T224006Z_115
http://example.org/stkg/obs/pos/BTR80/20260205T224007Z/116	http://www.w3.org/2002/07/owl#sameAs	http://example.org/stkg/id/obs_pos_BTR80_20260205T224007Z_116
http://example.org/stkg/obs/pos/BTR80/20260205T224008Z/117	http://www.w3.org/2002/07/owl#sameAs	http://example.org/stkg/id/obs_pos_BTR80_20260205T224008Z_117
http://example.org/stkg/obs/pos/BTR80/20260205T224009Z/118	http://www.w3.org/2002/07/owl#sameAs	http://example.org/stkg/id/obs_pos_BTR80_20260205T224009Z_118
http://example.org/stkg/obs/pos/BTR80/20260205T224010Z/119	http://www.w3.org/2002/07/owl#sameAs	http://example.org/stkg/id/obs_pos_BTR80_20260205T224010Z_119
http://example.org/stkg/obs/pos/BTR80/20260205T224011Z/120	http://www.w3.org/2002/07/owl#sameAs	http://example.org/stkg/id/obs_pos_BTR80_20260205T224011Z_120
http://example.org/stkg/obs/pos/BTR80/20260205T224012Z/121	http://www.w3.org/2002/07/owl#sameAs	http://example.org/stkg/id/obs_pos_BTR80_20260205T224012Z_121
http://example.org/stkg/obs/pos/BTR80/20260205T224013Z/122	http://www.w3.org/2002/07/owl#sameAs	http://example.org/stkg/id/obs_pos_BTR80_20260205T224013Z_122
http://example.org/stkg/obs/pos/BTR80/20260205T224014Z/123	http://www.w3.org/2002/07/owl#sameAs	http://example.org/stkg/id/obs_pos_BTR80_20260205T224014Z_123
http://example.org/stkg/obs/pos/BTR80/20260205T224015Z/124	http://www.w3.org/2002/07/owl#sameAs	http://example.org/stkg/id/obs_pos_BTR80_20260205T224015Z_124
http://example.org/stkg/obs/pos/BTR80/20260205T224016Z/125	http://www.w3.org/2002/07/owl#sameAs	http://example.org/stkg/id/obs_pos_BTR80_20260205T224016Z_125
http://example.org/stkg/obs/pos/BTR80/20260205T224017Z/126	http://www.w3.org/2002/07/owl#sameAs	http://example.org/stkg/id/obs_pos_BTR80_20260205T224017Z_126
http://example.org/stkg/obs/pos/BTR80/20260205T224018Z/127	http://www.w3.org/2002/07/owl#sameAs	http://example.org/stkg/id/obs_pos_BTR80_20260205T224018Z_127
http://example.org/stkg/obs/pos/BTR80/20260205T224019Z/128	http://www.w3.org/2002/07/owl#sameAs	http://example.org/stkg/id/obs_pos_BTR80_20260205T224019Z_128
http://example.org/stkg/obs/pos/BTR80/20260205T224020Z/129	http://www.w3.org/2002/07/owl#sameAs	http://example.org/stkg/id/obs_pos_BTR80_20260205T224020Z_129
http://example.org/stkg/obs/pos/BTR80/20260205T224021Z/130	http://www.w3.org/2002/07/owl#sameAs	http://example.org/stkg/id/obs_pos_BTR80_20260205T224021Z_130
http://example.org/stkg/obs/pos/BTR80/20260205T224022Z/131	http://www.w3.org/2002/07/owl#sameAs	http://example.org/stkg/id/obs_pos_BTR80_20260205T224022Z_131
http://example.org/stkg/obs/pos/BTR80/20260205T224023Z/132	http://www.w3.org/2002/07/owl#sameAs	http://example.org/stkg/id/obs_pos_BTR80_20260205T224023Z_132
http://example.org/stkg/obs/pos/BTR80/20260205T224024Z/133	http://www.w3.org/2002/07/owl#sameAs	http://example.org/stkg/id/obs_pos_BTR80_20260205T224024Z_133
http://example.org/stkg/obs/pos/BTR80/20260205T224025Z/134	http://www.w3.org/2002/07/owl#sameAs	http://example.org/stkg/id/obs_pos_BTR80_20260205T224025Z_134
http://example.org/stkg/obs/pos/BTR80/20260205T224026Z/135	http://www.w3.org/2002/07/owl#sameAs	http://example.org/stkg/id/obs_pos_BTR80_20260205T224026Z_135
http://example.org/stkg/obs/pos/BTR80/20260205T224027Z/136	http://www.w3.org/2002/07/owl#sameAs	http://example.org/stkg/id/obs_pos_BTR80_20260205T224027Z_136
http://example.org/stkg/obs/pos/BTR80/20260205T224028Z/137	http://www.w3.org/2002/07/owl#sameAs	http://example.org/stkg/id/obs_pos_BTR80_20260205T224028Z_137
http://example.org/stkg/obs/pos/BTR80/20260205T224029Z/138	http://www.w3.org/2002/07/owl#sameAs	http://example.org/stkg/id/obs_pos_BTR80_20260205T224029Z_138
http://example.org/stkg/obs/pos/BTR80/20260205T224030Z/139	http://www.w3.org/2002/07/owl#sameAs	http://example.org/stkg/id/obs_pos_BTR80_20260205T224030Z_139
http://example.org/stkg/obs/pos/BTR80/20260205T224031Z/140	http://www.w3.org/2002/07/owl#sameAs	http://example.org/stkg/id/obs_pos_BTR80_20260205T224031Z_140
http://example.org/stkg/obs/pos/BTR80/20260205T224032Z/141	http://www.w3.org/2002/07/owl#sameAs	http://example.org/stkg/id/obs_pos_BTR80_20260205T224032Z_141
http://example.org/stkg/obs/pos/BTR80/20260205T224033Z/142	http://www.w3.org/2002/07/owl#sameAs	http://example.org/stkg/id/obs_pos_BTR80_20260205T224033Z_142
http://example.org/stkg/obs/pos/BTR80/20260205T224034Z/143	http://www.w3.org/2002/07/owl#sameAs	http://example.org/stkg/id/obs_pos_BTR80_20260205T224034Z_143
http://example.org/stkg/obs/pos/BTR80/20260205T224035Z/144	http://www.w3.org/2002/07/owl#sameAs	http://example.org/stkg/id/obs_pos_BTR80_20260205T224035Z_144
http://example.org/stkg/obs/pos/BTR80/20260205T224036Z/145	http://www.w3.org/2002/07/owl#sameAs	http://example.org/stkg/id/obs_pos_BTR80_20260205T224036Z_145
http://example.org/stkg/obs/pos/BTR80/20260205T224037Z/146	http://www.w3.org/2002/07/owl#sameAs	http://example.org/stkg/id/obs_pos_BTR80_20260205T224037Z_146
http://example.org/stkg/obs/pos/BTR80/20260205T224038Z/147	http://www.w3.org/2002/07/owl#sameAs	http://example.org/stkg/id/obs_pos_BTR80_20260205T224038Z_147
http://example.org/stkg/obs/pos/BTR80/20260205T224039Z/148	http://www.w3.org/2002/07/owl#sameAs	http://example.org/stkg/id/obs_pos_BTR80_20260205T224039Z_148
http://example.org/stkg/obs/pos/BTR80/20260205T224040Z/149	http://www.w3.org/2002/07/owl#sameAs	http://example.org/stkg/id/obs_pos_BTR80_20260205T224040Z_149
http://example.org/stkg/obs/pos/BTR80/20260205T224041Z/150	http://www.w3.org/2002/07/owl#sameAs	http://example.org/stkg/id/obs_pos_BTR80_20260205T224041Z_150
http://example.org/stkg/obs/pos/BTR80/20260205T224042Z/151	http://www.w3.org/2002/07/owl#sameAs	http://example.org/stkg/id/obs_pos_BTR80_20260205T224042Z_151
http://example.org/stkg/obs/pos/BTR80/20260205T224043Z/152	http://www.w3.org/2002/07/owl#sameAs	http://example.org/stkg/id/obs_pos_BTR80_20260205T224043Z_152
http://example.org/stkg/obs/pos/BTR80/20260205T224044Z/153	http://www.w3.org/2002/07/owl#sameAs	http://example.org/stkg/id/obs_pos_BTR80_20260205T224044Z_153
http://example.org/stkg/obs/pos/BTR80/20260205T224045Z/154	http://www.w3.org/2002/07/owl#sameAs	http://example.org/stkg/id/obs_pos_BTR80_20260205T224045Z_154
http://example.org/stkg/obs/pos/BTR80/20260205T224046Z/155	http://www.w3.org/2002/07/owl#sameAs	http://example.org/stkg/id/obs_pos_BTR80_20260205T224046Z_155
http://example.org/stkg/obs/pos/BTR80/20260205T224047Z/156	http://www.w3.org/2002/07/owl#sameAs	http://example.org/stkg/id/obs_pos_BTR80_20260205T224047Z_156
http://example.org/stkg/obs/pos/BTR80/20260205T224048Z/157	http://www.w3.org/2002/07/owl#sameAs	http://example.org/stkg/id/obs_pos_BTR80_20260205T224048Z_157
http://example.org/stkg/obs/pos/BTR80/20260205T224049Z/158	http://www.w3.org/2002/07/owl#sameAs	http://example.org/stkg/id/obs_pos_BTR80_20260205T224049Z_158
http://example.org/stkg/obs/pos/BTR80/20260205T224050Z/159	http://www.w3.org/2002/07/owl#sameAs	http://example.org/stkg/id/obs_pos_BTR80_20260205T224050Z_159
http://example.org/stkg/obs/pos/BTR80/20260205T224051Z/160	http://www.w3.org/2002/07/owl#sameAs	http://example.org/stkg/id/obs_pos_BTR80_20260205T224051Z_160
http://example.org/stkg/obs/pos/BTR80/20260205T224052Z/161	http://www.w3.org/2002/07/owl#sameAs	http://example.org/stkg/id/obs_pos_BTR80_20260205T224052Z_161
http://example.org/stkg/obs/pos/BTR80/20260205T224053Z/162	http://www.w3.org/2002/07/owl#sameAs	http://example.org/stkg/id/obs_pos_BTR80_20260205T224053Z_162
http://example.org/stkg/obs/pos/BTR80/20260205T224054Z/163	http://www.w3.org/2002/07/owl#sameAs	http://example.org/stkg/id/obs_pos_BTR80_20260205T224054Z_163
http://example.org/stkg/obs/pos/BTR80/20260205T224055Z/164	http://www.w3.org/2002/07/owl#sameAs	http://example.org/stkg/id/obs_pos_BTR80_20260205T224055Z_164
http://example.org/stkg/obs/pos/BTR80/20260205T224056Z/165	http://www.w3.org/2002/07/owl#sameAs	http://example.org/stkg/id/obs_pos_BTR80_20260205T224056Z_165
http://example.org/stkg/obs/pos/BTR80/20260205T224057Z/166	http://www.w3.org/2002/07/owl#sameAs	http://example.org/stkg/id/obs_pos_BTR80_20260205T224057Z_166
http://example.org/stkg/obs/pos/BTR80/20260205T224058Z/167	http://www.w3.org/2002/07/owl#sameAs	http://example.org/stkg/id/obs_pos_BTR80_20260205T224058Z_167
http://example.org/stkg/obs/pos/BTR80/20260205T224059Z/168	http://www.w3.org/2002/07/owl#sameAs	http://example.org/stkg/id/obs_pos_BTR80_20260205T224059Z_168
http://example.org/stkg/obs/pos/BTR80/20260205T224100Z/169	http://www.w3.org/2002/07/owl#sameAs	http://example.org/stkg/id/obs_pos_BTR80_20260205T224100Z_169
http://example.org/stkg/obs/pos/BTR80/20260205T224101Z/170	http://www.w3.org/2002/07/owl#sameAs	http://example.org/stkg/id/obs_pos_BTR80_20260205T224101Z_170
http://example.org/stkg/obs/pos/BTR80/20260205T224102Z/171	http://www.w3.org/2002/07/owl#sameAs	http://example.org/stkg/id/obs_pos_BTR80_20260205T224102Z_171
http://example.org/stkg/obs/pos/BTR80/20260205T224103Z/172	http://www.w3.org/2002/07/owl#sameAs	http://example.org/stkg/id/obs_pos_BTR80_20260205T224103Z_172
http://example.org/stkg/obs/pos/BTR80/20260205T224104Z/173	http://www.w3.org/2002/07/owl#sameAs	http://example.org/stkg/id/obs_pos_BTR80_20260205T224104Z_173
http://example.org/stkg/obs/pos/BTR80/20260205T224105Z/174	http://www.w3.org/2002/07/owl#sameAs	http://example.org/stkg/id/obs_pos_BTR80_20260205T224105Z_174
http://example.org/stkg/obs/pos/BTR80/20260205T224106Z/175	http://www.w3.org/2002/07/owl#sameAs	http://example.org/stkg/id/obs_pos_BTR80_20260205T224106Z_175
http://example.org/stkg/obs/pos/BTR80/20260205T224107Z/176	http://www.w3.org/2002/07/owl#sameAs	http://example.org/stkg/id/obs_pos_BTR80_20260205T224107Z_176
http://example.org/stkg/obs/pos/BTR80/20260205T224108Z/177	http://www.w3.org/2002/07/owl#sameAs	http://example.org/stkg/id/obs_pos_BTR80_20260205T224108Z_177
http://example.org/stkg/obs/pos/BTR80/20260205T224109Z/178	http://www.w3.org/2002/07/owl#sameAs	http://example.org/stkg/id/obs_pos_BTR80_20260205T224109Z_178
http://example.org/stkg/obs/pos/BTR80/20260205T224110Z/179	http://www.w3.org/2002/07/owl#sameAs	http://example.org/stkg/id/obs_pos_BTR80_20260205T224110Z_179
http://example.org/stkg/obs/pos/BTR80/20260205T224111Z/180	http://www.w3.org/2002/07/owl#sameAs	http://example.org/stkg/id/obs_pos_BTR80_20260205T224111Z_180
http://example.org/stkg/obs/pos/BTR80/20260205T224112Z/181	http://www.w3.org/2002/07/owl#sameAs	http://example.org/stkg/id/obs_pos_BTR80_20260205T224112Z_181
http://example.org/stkg/obs/pos/BTR80/20260205T224113Z/182	http://www.w3.org/2002/07/owl#sameAs	http://example.org/stkg/id/obs_pos_BTR80_20260205T224113Z_182
http://example.org/stkg/obs/pos/BTR80/20260205T224114Z/183	http://www.w3.org/2002/07/owl#sameAs	http://example.org/stkg/id/obs_pos_BTR80_20260205T224114Z_183
http://example.org/stkg/obs/pos/BTR80/20260205T224115Z/184	http://www.w3.org/2002/07/owl#sameAs	http://example.org/stkg/id/obs_pos_BTR80_20260205T224115Z_184
http://example.org/stkg/obs/pos/BTR80/20260205T224116Z/185	http://www.w3.org/2002/07/owl#sameAs	http://example.org/stkg/id/obs_pos_BTR80_20260205T224116Z_185
http://example.org/stkg/obs/pos/BTR80/20260205T224117Z/186	http://www.w3.org/2002/07/owl#sameAs	http://example.org/stkg/id/obs_pos_BTR80_20260205T224117Z_186
http://example.org/stkg/obs/pos/BTR80/20260205T224118Z/187	http://www.w3.org/2002/07/owl#sameAs	http://example.org/stkg/id/obs_pos_BTR80_20260205T224118Z_187
http://example.org/stkg/obs/pos/BTR80/20260205T224119Z/188	http://www.w3.org/2002/07/owl#sameAs	http://example.org/stkg/id/obs_pos_BTR80_20260205T224119Z_188
http://example.org/stkg/obs/pos/BTR80/20260205T224120Z/189	http://www.w3.org/2002/07/owl#sameAs	http://example.org/stkg/id/obs_pos_BTR80_20260205T224120Z_189
http://example.org/stkg/obs/pos/BTR80/20260205T224121Z/190	http://www.w3.org/2002/07/owl#sameAs	http://example.org/stkg/id/obs_pos_BTR80_20260205T224121Z_190
http://example.org/stkg/obs/pos/BTR80/20260205T224122Z/191	http://www.w3.org/2002/07/owl#sameAs	http://example.org/stkg/id/obs_pos_BTR80_20260205T224122Z_191
http://example.org/stkg/obs/pos/BTR80/20260205T224123Z/192	http://www.w3.org/2002/07/owl#sameAs	http://example.org/stkg/id/obs_pos_BTR80_20260205T224123Z_192
http://example.org/stkg/obs/pos/BTR80/20260205T224124Z/193	http://www.w3.org/2002/07/owl#sameAs	http://example.org/stkg/id/obs_pos_BTR80_20260205T224124Z_193
http://example.org/stkg/obs/pos/BTR80/20260205T224125Z/194	http://www.w3.org/2002/07/owl#sameAs	http://example.org/stkg/id/obs_pos_BTR80_20260205T224125Z_194
http://example.org/stkg/obs/pos/BTR80/20260205T224126Z/195	http://www.w3.org/2002/07/owl#sameAs	http://example.org/stkg/id/obs_pos_BTR80_20260205T224126Z_195
http://example.org/stkg/obs/pos/BTR80/20260205T224127Z/196	http://www.w3.org/2002/07/owl#sameAs	http://example.org/stkg/id/obs_pos_BTR80_20260205T224127Z_196
http://example.org/stkg/obs/pos/BTR80/20260205T224128Z/197	http://www.w3.org/2002/07/owl#sameAs	http://example.org/stkg/id/obs_pos_BTR80_20260205T224128Z_197
http://example.org/stkg/obs/pos/BTR80/20260205T224129Z/198	http://www.w3.org/2002/07/owl#sameAs	http://example.org/stkg/id/obs_pos_BTR80_20260205T224129Z_198
http://example.org/stkg/obs/pos/BTR80/20260205T224130Z/199	http://www.w3.org/2002/07/owl#sameAs	http://example.org/stkg/id/obs_pos_BTR80_20260205T224130Z_199
http://example.org/stkg/obs/pos/BTR80/20260205T224131Z/200	http://www.w3.org/2002/07/owl#sameAs	http://example.org/stkg/id/obs_pos_BTR80_20260205T224131Z_200
http://example.org/stkg/obs/pos/BTR80/20260205T224132Z/201	http://www.w3.org/2002/07/owl#sameAs	http://example.org/stkg/id/obs_pos_BTR80_20260205T224132Z_201
http://example.org/stkg/obs/pos/BTR80/20260205T224133Z/202	http://www.w3.org/2002/07/owl#sameAs	http://example.org/stkg/id/obs_pos_BTR80_20260205T224133Z_202
http://example.org/stkg/obs/pos/BTR80/20260205T224134Z/203	http://www.w3.org/2002/07/owl#sameAs	http://example.org/stkg/id/obs_pos_BTR80_20260205T224134Z_203
http://example.org/stkg/obs/pos/BTR80/20260205T224135Z/204	http://www.w3.org/2002/07/owl#sameAs	http://example.org/stkg/id/obs_pos_BTR80_20260205T224135Z_204
http://example.org/stkg/obs/pos/BTR80/20260205T224136Z/205	http://www.w3.org/2002/07/owl#sameAs	http://example.org/stkg/id/obs_pos_BTR80_20260205T224136Z_205
http://example.org/stkg/obs/pos/BTR80/20260205T224137Z/206	http://www.w3.org/2002/07/owl#sameAs	http://example.org/stkg/id/obs_pos_BTR80_20260205T224137Z_206
http://example.org/stkg/obs/pos/BTR80/20260205T224138Z/207	http://www.w3.org/2002/07/owl#sameAs	http://example.org/stkg/id/obs_pos_BTR80_20260205T224138Z_207
http://example.org/stkg/obs/pos/BTR80/20260205T224139Z/208	http://www.w3.org/2002/07/owl#sameAs	http://example.org/stkg/id/obs_pos_BTR80_20260205T224139Z_208
http://example.org/stkg/obs/pos/BTR80/20260205T224140Z/209	http://www.w3.org/2002/07/owl#sameAs	http://example.org/stkg/id/obs_pos_BTR80_20260205T224140Z_209
http://example.org/stkg/obs/pos/BTR80/20260205T224141Z/210	http://www.w3.org/2002/07/owl#sameAs	http://example.org/stkg/id/obs_pos_BTR80_20260205T224141Z_210
http://example.org/stkg/obs/pos/BTR80/20260205T224142Z/211	http://www.w3.org/2002/07/owl#sameAs	http://example.org/stkg/id/obs_pos_BTR80_20260205T224142Z_211
http://example.org/stkg/obs/pos/BTR80/20260205T224143Z/212	http://www.w3.org/2002/07/owl#sameAs	http://example.org/stkg/id/obs_pos_BTR80_20260205T224143Z_212
http://example.org/stkg/obs/pos/BTR80/20260205T224144Z/213	http://www.w3.org/2002/07/owl#sameAs	http://example.org/stkg/id/obs_pos_BTR80_20260205T224144Z_213
http://example.org/stkg/obs/pos/BTR80/20260205T224145Z/214	http://www.w3.org/2002/07/owl#sameAs	http://example.org/stkg/id/obs_pos_BTR80_20260205T224145Z_214
http://example.org/stkg/obs/pos/BTR80/20260205T224146Z/215	http://www.w3.org/2002/07/owl#sameAs	http://example.org/stkg/id/obs_pos_BTR80_20260205T224146Z_215
http://example.org/stkg/obs/pos/BTR80/20260205T224147Z/216	http://www.w3.org/2002/07/owl#sameAs	http://example.org/stkg/id/obs_pos_BTR80_20260205T224147Z_216
http://example.org/stkg/obs/pos/BTR80/20260205T224148Z/217	http://www.w3.org/2002/07/owl#sameAs	http://example.org/stkg/id/obs_pos_BTR80_20260205T224148Z_217
http://example.org/stkg/obs/pos/BTR80/20260205T224149Z/218	http://www.w3.org/2002/07/owl#sameAs	http://example.org/stkg/id/obs_pos_BTR80_20260205T224149Z_218
http://example.org/stkg/obs/pos/BTR80/20260205T224150Z/219	http://www.w3.org/2002/07/owl#sameAs	http://example.org/stkg/id/obs_pos_BTR80_20260205T224150Z_219
http://example.org/stkg/obs/pos/BTR80/20260205T224151Z/220	http://www.w3.org/2002/07/owl#sameAs	http://example.org/stkg/id/obs_pos_BTR80_20260205T224151Z_220
http://example.org/stkg/obs/pos/BTR80/20260205T224152Z/221	http://www.w3.org/2002/07/owl#sameAs	http://example.org/stkg/id/obs_pos_BTR80_20260205T224152Z_221
http://example.org/stkg/obs/pos/BTR80/20260205T224153Z/222	http://www.w3.org/2002/07/owl#sameAs	http://example.org/stkg/id/obs_pos_BTR80_20260205T224153Z_222
http://example.org/stkg/obs/pos/BTR80/20260205T224154Z/223	http://www.w3.org/2002/07/owl#sameAs	http://example.org/stkg/id/obs_pos_BTR80_20260205T224154Z_223
http://example.org/stkg/obs/pos/BTR80/20260205T224155Z/224	http://www.w3.org/2002/07/owl#sameAs	http://example.org/stkg/id/obs_pos_BTR80_20260205T224155Z_224
http://example.org/stkg/obs/pos/BTR80/20260205T224156Z/225	http://www.w3.org/2002/07/owl#sameAs	http://example.org/stkg/id/obs_pos_BTR80_20260205T224156Z_225
http://example.org/stkg/obs/pos/BTR80/20260205T224157Z/226	http://www.w3.org/2002/07/owl#sameAs	http://example.org/stkg/id/obs_pos_BTR80_20260205T224157Z_226
http://example.org/stkg/obs/pos/BTR80/20260205T224158Z/227	http://www.w3.org/2002/07/owl#sameAs	http://example.org/stkg/id/obs_pos_BTR80_20260205T224158Z_227
http://example.org/stkg/obs/pos/BTR80/20260205T224159Z/228	http://www.w3.org/2002/07/owl#sameAs	http://example.org/stkg/id/obs_pos_BTR80_20260205T224159Z_228
http://example.org/stkg/obs/pos/BTR80/20260205T224200Z/229	http://www.w3.org/2002/07/owl#sameAs	http://example.org/stkg/id/obs_pos_BTR80_20260205T224200Z_229
http://example.org/stkg/obs/pos/BTR80/20260205T224201Z/230	http://www.w3.org/2002/07/owl#sameAs	http://example.org/stkg/id/obs_pos_BTR80_20260205T224201Z_230
http://example.org/stkg/obs/pos/BTR80/20260205T224202Z/231	http://www.w3.org/2002/07/owl#sameAs	http://example.org/stkg/id/obs_pos_BTR80_20260205T224202Z_231
http://example.org/stkg/obs/pos/BTR80/20260205T224203Z/232	http://www.w3.org/2002/07/owl#sameAs	http://example.org/stkg/id/obs_pos_BTR80_20260205T224203Z_232
http://example.org/stkg/obs/pos/BTR80/20260205T224204Z/233	http://www.w3.org/2002/07/owl#sameAs	http://example.org/stkg/id/obs_pos_BTR80_20260205T224204Z_233
http://example.org/stkg/obs/pos/BTR80/20260205T224205Z/234	http://www.w3.org/2002/07/owl#sameAs	http://example.org/stkg/id/obs_pos_BTR80_20260205T224205Z_234
http://example.org/stkg/obs/pos/BTR80/20260205T224206Z/235	http://www.w3.org/2002/07/owl#sameAs	http://example.org/stkg/id/obs_pos_BTR80_20260205T224206Z_235
http://example.org/stkg/obs/pos/BTR80/20260205T224207Z/236	http://www.w3.org/2002/07/owl#sameAs	http://example.org/stkg/id/obs_pos_BTR80_20260205T224207Z_236
http://example.org/stkg/obs/pos/BTR80/20260205T224208Z/237	http://www.w3.org/2002/07/owl#sameAs	http://example.org/stkg/id/obs_pos_BTR80_20260205T224208Z_237
http://example.org/stkg/obs/pos/BTR80/20260205T224209Z/238	http://www.w3.org/2002/07/owl#sameAs	http://example.org/stkg/id/obs_pos_BTR80_20260205T224209Z_238
http://example.org/stkg/obs/pos/BTR80/20260205T224210Z/239	http://www.w3.org/2002/07/owl#sameAs	http://example.org/stkg/id/obs_pos_BTR80_20260205T224210Z_239
http://example.org/stkg/obs/pos/BTR80/20260205T224211Z/240	http://www.w3.org/2002/07/owl#sameAs	http://example.org/stkg/id/obs_pos_BTR80_20260205T224211Z_240
http://example.org/stkg/obs/pos/BTR80/20260205T224212Z/241	http://www.w3.org/2002/07/owl#sameAs	http://example.org/stkg/id/obs_pos_BTR80_20260205T224212Z_241
http://example.org/stkg/obs/pos/BTR80/20260205T224213Z/242	http://www.w3.org/2002/07/owl#sameAs	http://example.org/stkg/id/obs_pos_BTR80_20260205T224213Z_242
http://example.org/stkg/obs/pos/BTR80/20260205T224214Z/243	http://www.w3.org/2002/07/owl#sameAs	http://example.org/stkg/id/obs_pos_BTR80_20260205T224214Z_243
http://example.org/stkg/obs/pos/BTR80/20260205T224215Z/244	http://www.w3.org/2002/07/owl#sameAs	http://example.org/stkg/id/obs_pos_BTR80_20260205T224215Z_244
http://example.org/stkg/obs/pos/BTR80/20260205T224216Z/245	http://www.w3.org/2002/07/owl#sameAs	http://example.org/stkg/id/obs_pos_BTR80_20260205T224216Z_245
http://example.org/stkg/obs/pos/BTR80/20260205T224217Z/246	http://www.w3.org/2002/07/owl#sameAs	http://example.org/stkg/id/obs_pos_BTR80_20260205T224217Z_246
http://example.org/stkg/obs/pos/BTR80/20260205T224218Z/247	http://www.w3.org/2002/07/owl#sameAs	http://example.org/stkg/id/obs_pos_BTR80_20260205T224218Z_247
http://example.org/stkg/obs/pos/BTR80/20260205T224219Z/248	http://www.w3.org/2002/07/owl#sameAs	http://example.org/stkg/id/obs_pos_BTR80_20260205T224219Z_248
http://example.org/stkg/obs/pos/BTR80/20260205T224220Z/249	http://www.w3.org/2002/07/owl#sameAs	http://example.org/stkg/id/obs_pos_BTR80_20260205T224220Z_249
http://example.org/stkg/obs/pos/BTR80/20260205T224221Z/250	http://www.w3.org/2002/07/owl#sameAs	http://example.org/stkg/id/obs_pos_BTR80_20260205T224221Z_250
http://example.org/stkg/obs/pos/BTR80/20260205T224222Z/251	http://www.w3.org/2002/07/owl#sameAs	http://example.org/stkg/id/obs_pos_BTR80_20260205T224222Z_251
http://example.org/stkg/obs/pos/BTR80/20260205T224223Z/252	http://www.w3.org/2002/07/owl#sameAs	http://example.org/stkg/id/obs_pos_BTR80_20260205T224223Z_252
http://example.org/stkg/obs/pos/BTR80/20260205T224224Z/253	http://www.w3.org/2002/07/owl#sameAs	http://example.org/stkg/id/obs_pos_BTR80_20260205T224224Z_253
http://example.org/stkg/obs/pos/BTR80/20260205T224225Z/254	http://www.w3.org/2002/07/owl#sameAs	http://example.org/stkg/id/obs_pos_BTR80_20260205T224225Z_254
http://example.org/stkg/obs/pos/BTR80/20260205T224226Z/255	http://www.w3.org/2002/07/owl#sameAs	http://example.org/stkg/id/obs_pos_BTR80_20260205T224226Z_255
http://example.org/stkg/obs/pos/BTR80/20260205T224227Z/256	http://www.w3.org/2002/07/owl#sameAs	http://example.org/stkg/id/obs_pos_BTR80_20260205T224227Z_256
http://example.org/stkg/obs/pos/BTR80/20260205T224228Z/257	http://www.w3.org/2002/07/owl#sameAs	http://example.org/stkg/id/obs_pos_BTR80_20260205T224228Z_257
http://example.org/stkg/obs/pos/BTR80/20260205T224229Z/258	http://www.w3.org/2002/07/owl#sameAs	http://example.org/stkg/id/obs_pos_BTR80_20260205T224229Z_258
http://example.org/stkg/obs/pos/BTR80/20260205T224230Z/259	http://www.w3.org/2002/07/owl#sameAs	http://example.org/stkg/id/obs_pos_BTR80_20260205T224230Z_259
http://example.org/stkg/obs/pos/BTR80/20260205T224231Z/260	http://www.w3.org/2002/07/owl#sameAs	http://example.org/stkg/id/obs_pos_BTR80_20260205T224231Z_260
http://example.org/stkg/obs/pos/BTR80/20260205T224232Z/261	http://www.w3.org/2002/07/owl#sameAs	http://example.org/stkg/id/obs_pos_BTR80_20260205T224232Z_261
http://example.org/stkg/obs/pos/BTR80/20260205T224233Z/262	http://www.w3.org/2002/07/owl#sameAs	http://example.org/stkg/id/obs_pos_BTR80_20260205T224233Z_262
http://example.org/stkg/obs/pos/BTR80/20260205T224234Z/263	http://www.w3.org/2002/07/owl#sameAs	http://example.org/stkg/id/obs_pos_BTR80_20260205T224234Z_263
http://example.org/stkg/obs/pos/BTR80/20260205T224235Z/264	http://www.w3.org/2002/07/owl#sameAs	http://example.org/stkg/id/obs_pos_BTR80_20260205T224235Z_264
http://example.org/stkg/obs/pos/BTR80/20260205T224236Z/265	http://www.w3.org/2002/07/owl#sameAs	http://example.org/stkg/id/obs_pos_BTR80_20260205T224236Z_265
http://example.org/stkg/obs/pos/BTR80/20260205T224237Z/266	http://www.w3.org/2002/07/owl#sameAs	http://example.org/stkg/id/obs_pos_BTR80_20260205T224237Z_266
http://example.org/stkg/obs/pos/BTR80/20260205T224238Z/267	http://www.w3.org/2002/07/owl#sameAs	http://example.org/stkg/id/obs_pos_BTR80_20260205T224238Z_267
http://example.org/stkg/obs/pos/BTR80/20260205T224239Z/268	http://www.w3.org/2002/07/owl#sameAs	http://example.org/stkg/id/obs_pos_BTR80_20260205T224239Z_268
http://example.org/stkg/obs/pos/BTR80/20260205T224240Z/269	http://www.w3.org/2002/07/owl#sameAs	http://example.org/stkg/id/obs_pos_BTR80_20260205T224240Z_269
http://example.org/stkg/obs/pos/BTR80/20260205T224241Z/270	http://www.w3.org/2002/07/owl#sameAs	http://example.org/stkg/id/obs_pos_BTR80_20260205T224241Z_270
http://example.org/stkg/obs/pos/BTR80/20260205T224242Z/271	http://www.w3.org/2002/07/owl#sameAs	http://example.org/stkg/id/obs_pos_BTR80_20260205T224242Z_271
http://example.org/stkg/obs/pos/BTR80/20260205T224243Z/272	http://www.w3.org/2002/07/owl#sameAs	http://example.org/stkg/id/obs_pos_BTR80_20260205T224243Z_272
http://example.org/stkg/obs/pos/BTR80/20260205T224244Z/273	http://www.w3.org/2002/07/owl#sameAs	http://example.org/stkg/id/obs_pos_BTR80_20260205T224244Z_273
http://example.org/stkg/obs/pos/BTR80/20260205T224245Z/274	http://www.w3.org/2002/07/owl#sameAs	http://example.org/stkg/id/obs_pos_BTR80_20260205T224245Z_274
http://example.org/stkg/obs/pos/BTR80/20260205T224246Z/275	http://www.w3.org/2002/07/owl#sameAs	http://example.org/stkg/id/obs_pos_BTR80_20260205T224246Z_275
http://example.org/stkg/obs/pos/BTR80/20260205T224247Z/276	http://www.w3.org/2002/07/owl#sameAs	http://example.org/stkg/id/obs_pos_BTR80_20260205T224247Z_276
http://example.org/stkg/obs/pos/BTR80/20260205T224248Z/277	http://www.w3.org/2002/07/owl#sameAs	http://example.org/stkg/id/obs_pos_BTR80_20260205T224248Z_277
http://example.org/stkg/obs/pos/BTR80/20260205T224249Z/278	http://www.w3.org/2002/07/owl#sameAs	http://example.org/stkg/id/obs_pos_BTR80_20260205T224249Z_278
http://example.org/stkg/obs/pos/BTR80/20260205T224250Z/279	http://www.w3.org/2002/07/owl#sameAs	http://example.org/stkg/id/obs_pos_BTR80_20260205T224250Z_279
http://example.org/stkg/obs/pos/BTR80/20260205T224251Z/280	http://www.w3.org/2002/07/owl#sameAs	http://example.org/stkg/id/obs_pos_BTR80_20260205T224251Z_280
http://example.org/stkg/obs/pos/BTR80/20260205T224252Z/281	http://www.w3.org/2002/07/owl#sameAs	http://example.org/stkg/id/obs_pos_BTR80_20260205T224252Z_281
http://example.org/stkg/obs/pos/BTR80/20260205T224253Z/282	http://www.w3.org/2002/07/owl#sameAs	http://example.org/stkg/id/obs_pos_BTR80_20260205T224253Z_282
http://example.org/stkg/obs/pos/BTR80/20260205T224254Z/283	http://www.w3.org/2002/07/owl#sameAs	http://example.org/stkg/id/obs_pos_BTR80_20260205T224254Z_283
http://example.org/stkg/obs/pos/BTR80/20260205T224255Z/284	http://www.w3.org/2002/07/owl#sameAs	http://example.org/stkg/id/obs_pos_BTR80_20260205T224255Z_284
http://example.org/stkg/obs/pos/BTR80/20260205T224256Z/285	http://www.w3.org/2002/07/owl#sameAs	http://example.org/stkg/id/obs_pos_BTR80_20260205T224256Z_285
http://example.org/stkg/obs/pos/BTR80/20260205T224257Z/286	http://www.w3.org/2002/07/owl#sameAs	http://example.org/stkg/id/obs_pos_BTR80_20260205T224257Z_286
http://example.org/stkg/obs/pos/BTR80/20260205T224258Z/287	http://www.w3.org/2002/07/owl#sameAs	http://example.org/stkg/id/obs_pos_BTR80_20260205T224258Z_287
http://example.org/stkg/obs/pos/BTR80/20260205T224259Z/288	http://www.w3.org/2002/07/owl#sameAs	http://example.org/stkg/id/obs_pos_BTR80_20260205T224259Z_288
http://example.org/stkg/obs/pos/BTR80/20260205T224300Z/289	http://www.w3.org/2002/07/owl#sameAs	http://example.org/stkg/id/obs_pos_BTR80_20260205T224300Z_289
http://example.org/stkg/obs/pos/BTR80/20260205T224301Z/290	http://www.w3.org/2002/07/owl#sameAs	http://example.org/stkg/id/obs_pos_BTR80_20260205T224301Z_290
http://example.org/stkg/obs/pos/BTR80/20260205T224302Z/291	http://www.w3.org/2002/07/owl#sameAs	http://example.org/stkg/id/obs_pos_BTR80_20260205T224302Z_291
http://example.org/stkg/obs/pos/BTR80/20260205T224303Z/292	http://www.w3.org/2002/07/owl#sameAs	http://example.org/stkg/id/obs_pos_BTR80_20260205T224303Z_292
http://example.org/stkg/obs/pos/BTR80/20260205T224304Z/293	http://www.w3.org/2002/07/owl#sameAs	http://example.org/stkg/id/obs_pos_BTR80_20260205T224304Z_293
http://example.org/stkg/obs/pos/BTR80/20260205T224305Z/294	http://www.w3.org/2002/07/owl#sameAs	http://example.org/stkg/id/obs_pos_BTR80_20260205T224305Z_294
http://example.org/stkg/obs/pos/BTR80/20260205T224306Z/295	http://www.w3.org/2002/07/owl#sameAs	http://example.org/stkg/id/obs_pos_BTR80_20260205T224306Z_295
http://example.org/stkg/obs/pos/BTR80/20260205T224307Z/296	http://www.w3.org/2002/07/owl#sameAs	http://example.org/stkg/id/obs_pos_BTR80_20260205T224307Z_296
http://example.org/stkg/obs/pos/BTR80/20260205T224308Z/297	http://www.w3.org/2002/07/owl#sameAs	http://example.org/stkg/id/obs_pos_BTR80_20260205T224308Z_297
http://example.org/stkg/obs/pos/BTR80/20260205T224309Z/298	http://www.w3.org/2002/07/owl#sameAs	http://example.org/stkg/id/obs_pos_BTR80_20260205T224309Z_298
http://example.org/stkg/obs/pos/BTR80/20260205T224310Z/299	http://www.w3.org/2002/07/owl#sameAs	http://example.org/stkg/id/obs_pos_BTR80_20260205T224310Z_299
http://example.org/stkg/obs/pos/BTR80/20260205T224311Z/300	http://www.w3.org/2002/07/owl#sameAs	http://example.org/stkg/id/obs_pos_BTR80_20260205T224311Z_300
http://example.org/stkg/obs/pos/BTR80/20260205T224312Z/301	http://www.w3.org/2002/07/owl#sameAs	http://example.org/stkg/id/obs_pos_BTR80_20260205T224312Z_301
http://example.org/stkg/obs/pos/BTR80/20260205T224313Z/302	http://www.w3.org/2002/07/owl#sameAs	http://example.org/stkg/id/obs_pos_BTR80_20260205T224313Z_302
http://example.org/stkg/obs/pos/BTR80/20260205T224314Z/303	http://www.w3.org/2002/07/owl#sameAs	http://example.org/stkg/id/obs_pos_BTR80_20260205T224314Z_303
http://example.org/stkg/obs/pos/BTR80/20260205T224315Z/304	http://www.w3.org/2002/07/owl#sameAs	http://example.org/stkg/id/obs_pos_BTR80_20260205T224315Z_304
http://example.org/stkg/obs/pos/BTR80/20260205T224316Z/305	http://www.w3.org/2002/07/owl#sameAs	http://example.org/stkg/id/obs_pos_BTR80_20260205T224316Z_305
http://example.org/stkg/obs/pos/BTR80/20260205T224317Z/306	http://www.w3.org/2002/07/owl#sameAs	http://example.org/stkg/id/obs_pos_BTR80_20260205T224317Z_306
http://example.org/stkg/obs/pos/BTR80/20260205T224318Z/307	http://www.w3.org/2002/07/owl#sameAs	http://example.org/stkg/id/obs_pos_BTR80_20260205T224318Z_307
http://example.org/stkg/obs/pos/BTR80/20260205T224319Z/308	http://www.w3.org/2002/07/owl#sameAs	http://example.org/stkg/id/obs_pos_BTR80_20260205T224319Z_308
http://example.org/stkg/obs/pos/BTR80/20260205T224320Z/309	http://www.w3.org/2002/07/owl#sameAs	http://example.org/stkg/id/obs_pos_BTR80_20260205T224320Z_309
http://example.org/stkg/obs/pos/BTR80/20260205T224321Z/310	http://www.w3.org/2002/07/owl#sameAs	http://example.org/stkg/id/obs_pos_BTR80_20260205T224321Z_310
http://example.org/stkg/obs/pos/BTR80/20260205T224322Z/311	http://www.w3.org/2002/07/owl#sameAs	http://example.org/stkg/id/obs_pos_BTR80_20260205T224322Z_311
http://example.org/stkg/obs/pos/BTR80/20260205T224323Z/312	http://www.w3.org/2002/07/owl#sameAs	http://example.org/stkg/id/obs_pos_BTR80_20260205T224323Z_312
http://example.org/stkg/obs/pos/BTR80/20260205T224324Z/313	http://www.w3.org/2002/07/owl#sameAs	http://example.org/stkg/id/obs_pos_BTR80_20260205T224324Z_313
http://example.org/stkg/obs/pos/BTR80/20260205T224325Z/314	http://www.w3.org/2002/07/owl#sameAs	http://example.org/stkg/id/obs_pos_BTR80_20260205T224325Z_314
http://example.org/stkg/obs/pos/BTR80/20260205T224326Z/315	http://www.w3.org/2002/07/owl#sameAs	http://example.org/stkg/id/obs_pos_BTR80_20260205T224326Z_315
http://example.org/stkg/obs/pos/BTR80/20260205T224327Z/316	http://www.w3.org/2002/07/owl#sameAs	http://example.org/stkg/id/obs_pos_BTR80_20260205T224327Z_316
http://example.org/stkg/obs/pos/BTR80/20260205T224328Z/317	http://www.w3.org/2002/07/owl#sameAs	http://example.org/stkg/id/obs_pos_BTR80_20260205T224328Z_317
http://example.org/stkg/obs/pos/BTR80/20260205T224329Z/318	http://www.w3.org/2002/07/owl#sameAs	http://example.org/stkg/id/obs_pos_BTR80_20260205T224329Z_318
http://example.org/stkg/obs/pos/BTR80/20260205T224330Z/319	http://www.w3.org/2002/07/owl#sameAs	http://example.org/stkg/id/obs_pos_BTR80_20260205T224330Z_319
http://example.org/stkg/obs/pos/BTR80/20260205T224331Z/320	http://www.w3.org/2002/07/owl#sameAs	http://example.org/stkg/id/obs_pos_BTR80_20260205T224331Z_320
http://example.org/stkg/obs/pos/BTR80/20260205T224332Z/321	http://www.w3.org/2002/07/owl#sameAs	http://example.org/stkg/id/obs_pos_BTR80_20260205T224332Z_321
http://example.org/stkg/obs/pos/BTR80/20260205T224333Z/322	http://www.w3.org/2002/07/owl#sameAs	http://example.org/stkg/id/obs_pos_BTR80_20260205T224333Z_322
http://example.org/stkg/obs/pos/BTR80/20260205T224334Z/323	http://www.w3.org/2002/07/owl#sameAs	http://example.org/stkg/id/obs_pos_BTR80_20260205T224334Z_323
http://example.org/stkg/obs/pos/BTR80/20260205T224335Z/324	http://www.w3.org/2002/07/owl#sameAs	http://example.org/stkg/id/obs_pos_BTR80_20260205T224335Z_324
http://example.org/stkg/obs/pos/BTR80/20260205T224336Z/325	http://www.w3.org/2002/07/owl#sameAs	http://example.org/stkg/id/obs_pos_BTR80_20260205T224336Z_325
http://example.org/stkg/obs/pos/BTR80/20260205T224337Z/326	http://www.w3.org/2002/07/owl#sameAs	http://example.org/stkg/id/obs_pos_BTR80_20260205T224337Z_326
http://example.org/stkg/obs/pos/BTR80/20260205T224338Z/327	http://www.w3.org/2002/07/owl#sameAs	http://example.org/stkg/id/obs_pos_BTR80_20260205T224338Z_327
http://example.org/stkg/obs/pos/BTR80/20260205T224339Z/328	http://www.w3.org/2002/07/owl#sameAs	http://example.org/stkg/id/obs_pos_BTR80_20260205T224339Z_328
http://example.org/stkg/obs/pos/BTR80/20260205T224340Z/329	http://www.w3.org/2002/07/owl#sameAs	http://example.org/stkg/id/obs_pos_BTR80_20260205T224340Z_329
http://example.org/stkg/obs/pos/BTR80/20260205T224341Z/330	http://www.w3.org/2002/07/owl#sameAs	http://example.org/stkg/id/obs_pos_BTR80_20260205T224341Z_330
http://example.org/stkg/obs/pos/BTR80/20260205T224342Z/331	http://www.w3.org/2002/07/owl#sameAs	http://example.org/stkg/id/obs_pos_BTR80_20260205T224342Z_331
http://example.org/stkg/obs/pos/BTR80/20260205T224343Z/332	http://www.w3.org/2002/07/owl#sameAs	http://example.org/stkg/id/obs_pos_BTR80_20260205T224343Z_332
http://example.org/stkg/obs/pos/BTR80/20260205T224344Z/333	http://www.w3.org/2002/07/owl#sameAs	http://example.org/stkg/id/obs_pos_BTR80_20260205T224344Z_333
http://example.org/stkg/obs/pos/BTR80/20260205T224345Z/334	http://www.w3.org/2002/07/owl#sameAs	http://example.org/stkg/id/obs_pos_BTR80_20260205T224345Z_334
http://example.org/stkg/obs/pos/BTR80/20260205T224346Z/335	http://www.w3.org/2002/07/owl#sameAs	http://example.org/stkg/id/obs_pos_BTR80_20260205T224346Z_335
http://example.org/stkg/obs/pos/BTR80/20260205T224347Z/336	http://www.w3.org/2002/07/owl#sameAs	http://example.org/stkg/id/obs_pos_BTR80_20260205T224347Z_336
http://example.org/stkg/obs/pos/BTR80/20260205T224348Z/337	http://www.w3.org/2002/07/owl#sameAs	http://example.org/stkg/id/obs_pos_BTR80_20260205T224348Z_337
http://example.org/stkg/obs/pos/BTR80/20260205T224349Z/338	http://www.w3.org/2002/07/owl#sameAs	http://example.org/stkg/id/obs_pos_BTR80_20260205T224349Z_338
http://example.org/stkg/obs/pos/BTR80/20260205T224350Z/339	http://www.w3.org/2002/07/owl#sameAs	http://example.org/stkg/id/obs_pos_BTR80_20260205T224350Z_339
http://example.org/stkg/obs/pos/BTR80/20260205T224351Z/340	http://www.w3.org/2002/07/owl#sameAs	http://example.org/stkg/id/obs_pos_BTR80_20260205T224351Z_340
http://example.org/stkg/obs/pos/BTR80/20260205T224352Z/341	http://www.w3.org/2002/07/owl#sameAs	http://example.org/stkg/id/obs_pos_BTR80_20260205T224352Z_341
http://example.org/stkg/obs/pos/BTR80/20260205T224353Z/342	http://www.w3.org/2002/07/owl#sameAs	http://example.org/stkg/id/obs_pos_BTR80_20260205T224353Z_342
http://example.org/stkg/obs/pos/BTR80/20260205T224354Z/343	http://www.w3.org/2002/07/owl#sameAs	http://example.org/stkg/id/obs_pos_BTR80_20260205T224354Z_343
http://example.org/stkg/obs/pos/BTR80/20260205T224355Z/344	http://www.w3.org/2002/07/owl#sameAs	http://example.org/stkg/id/obs_pos_BTR80_20260205T224355Z_344
http://example.org/stkg/obs/pos/BTR80/20260205T224356Z/345	http://www.w3.org/2002/07/owl#sameAs	http://example.org/stkg/id/obs_pos_BTR80_20260205T224356Z_345
http://example.org/stkg/obs/pos/BTR80/20260205T224357Z/346	http://www.w3.org/2002/07/owl#sameAs	http://example.org/stkg/id/obs_pos_BTR80_20260205T224357Z_346
http://example.org/stkg/obs/pos/BTR80/20260205T224358Z/347	http://www.w3.org/2002/07/owl#sameAs	http://example.org/stkg/id/obs_pos_BTR80_20260205T224358Z_347
http://example.org/stkg/obs/pos/BTR80/20260205T224359Z/348	http://www.w3.org/2002/07/owl#sameAs	http://example.org/stkg/id/obs_pos_BTR80_20260205T224359Z_348
http://example.org/stkg/obs/pos/BTR80/20260205T224400Z/349	http://www.w3.org/2002/07/owl#sameAs	http://example.org/stkg/id/obs_pos_BTR80_20260205T224400Z_349
http://example.org/stkg/obs/pos/BTR80/20260205T224401Z/350	http://www.w3.org/2002/07/owl#sameAs	http://example.org/stkg/id/obs_pos_BTR80_20260205T224401Z_350
http://example.org/stkg/obs/pos/BTR80/20260205T224402Z/351	http://www.w3.org/2002/07/owl#sameAs	http://example.org/stkg/id/obs_pos_BTR80_20260205T224402Z_351
http://example.org/stkg/obs/pos/BTR80/20260205T224403Z/352	http://www.w3.org/2002/07/owl#sameAs	http://example.org/stkg/id/obs_pos_BTR80_20260205T224403Z_352
http://example.org/stkg/obs/pos/BTR80/20260205T224404Z/353	http://www.w3.org/2002/07/owl#sameAs	http://example.org/stkg/id/obs_pos_BTR80_20260205T224404Z_353
http://example.org/stkg/obs/pos/BTR80/20260205T224405Z/354	http://www.w3.org/2002/07/owl#sameAs	http://example.org/stkg/id/obs_pos_BTR80_20260205T224405Z_354
http://example.org/stkg/obs/pos/BTR80/20260205T224406Z/355	http://www.w3.org/2002/07/owl#sameAs	http://example.org/stkg/id/obs_pos_BTR80_20260205T224406Z_355
http://example.org/stkg/obs/pos/BTR80/20260205T224407Z/356	http://www.w3.org/2002/07/owl#sameAs	http://example.org/stkg/id/obs_pos_BTR80_20260205T224407Z_356
http://example.org/stkg/obs/pos/BTR80/20260205T224408Z/357	http://www.w3.org/2002/07/owl#sameAs	http://example.org/stkg/id/obs_pos_BTR80_20260205T224408Z_357
http://example.org/stkg/obs/pos/BTR80/20260205T224409Z/358	http://www.w3.org/2002/07/owl#sameAs	http://example.org/stkg/id/obs_pos_BTR80_20260205T224409Z_358
http://example.org/stkg/obs/pos/BTR80/20260205T224410Z/359	http://www.w3.org/2002/07/owl#sameAs	http://example.org/stkg/id/obs_pos_BTR80_20260205T224410Z_359
http://example.org/stkg/obs/pos/BTR80/20260205T224411Z/360	http://www.w3.org/2002/07/owl#sameAs	http://example.org/stkg/id/obs_pos_BTR80_20260205T224411Z_360
http://example.org/stkg/obs/pos/BTR80/20260205T224412Z/361	http://www.w3.org/2002/07/owl#sameAs	http://example.org/stkg/id/obs_pos_BTR80_20260205T224412Z_361
http://example.org/stkg/obs/pos/BTR80/20260205T224413Z/362	http://www.w3.org/2002/07/owl#sameAs	http://example.org/stkg/id/obs_pos_BTR80_20260205T224413Z_362
http://example.org/stkg/obs/pos/BTR80/20260205T224414Z/363	http://www.w3.org/2002/07/owl#sameAs	http://example.org/stkg/id/obs_pos_BTR80_20260205T224414Z_363
http://example.org/stkg/obs/pos/BTR80/20260205T224415Z/364	http://www.w3.org/2002/07/owl#sameAs	http://example.org/stkg/id/obs_pos_BTR80_20260205T224415Z_364
http://example.org/stkg/obs/pos/BTR80/20260205T224416Z/365	http://www.w3.org/2002/07/owl#sameAs	http://example.org/stkg/id/obs_pos_BTR80_20260205T224416Z_365
http://example.org/stkg/obs/pos/BTR80/20260205T224417Z/366	http://www.w3.org/2002/07/owl#sameAs	http://example.org/stkg/id/obs_pos_BTR80_20260205T224417Z_366
http://example.org/stkg/obs/pos/BTR80/20260205T224418Z/367	http://www.w3.org/2002/07/owl#sameAs	http://example.org/stkg/id/obs_pos_BTR80_20260205T224418Z_367
http://example.org/stkg/obs/pos/BTR80/20260205T224419Z/368	http://www.w3.org/2002/07/owl#sameAs	http://example.org/stkg/id/obs_pos_BTR80_20260205T224419Z_368
http://example.org/stkg/obs/pos/BTR80/20260205T224420Z/369	http://www.w3.org/2002/07/owl#sameAs	http://example.org/stkg/id/obs_pos_BTR80_20260205T224420Z_369
http://example.org/stkg/obs/pos/BTR80/20260205T224421Z/370	http://www.w3.org/2002/07/owl#sameAs	http://example.org/stkg/id/obs_pos_BTR80_20260205T224421Z_370
http://example.org/stkg/obs/pos/BTR80/20260205T224422Z/371	http://www.w3.org/2002/07/owl#sameAs	http://example.org/stkg/id/obs_pos_BTR80_20260205T224422Z_371
http://example.org/stkg/obs/pos/BTR80/20260205T224423Z/372	http://www.w3.org/2002/07/owl#sameAs	http://example.org/stkg/id/obs_pos_BTR80_20260205T224423Z_372
http://example.org/stkg/obs/pos/BTR80/20260205T224424Z/373	http://www.w3.org/2002/07/owl#sameAs	http://example.org/stkg/id/obs_pos_BTR80_20260205T224424Z_373
http://example.org/stkg/obs/pos/BTR80/20260205T224425Z/374	http://www.w3.org/2002/07/owl#sameAs	http://example.org/stkg/id/obs_pos_BTR80_20260205T224425Z_374
http://example.org/stkg/obs/pos/BTR80/20260205T224426Z/375	http://www.w3.org/2002/07/owl#sameAs	http://example.org/stkg/id/obs_pos_BTR80_20260205T224426Z_375
http://example.org/stkg/obs/pos/BTR80/20260205T224427Z/376	http://www.w3.org/2002/07/owl#sameAs	http://example.org/stkg/id/obs_pos_BTR80_20260205T224427Z_376
http://example.org/stkg/obs/pos/BTR80/20260205T224428Z/377	http://www.w3.org/2002/07/owl#sameAs	http://example.org/stkg/id/obs_pos_BTR80_20260205T224428Z_377
http://example.org/stkg/obs/pos/BTR80/20260205T224429Z/378	http://www.w3.org/2002/07/owl#sameAs	http://example.org/stkg/id/obs_pos_BTR80_20260205T224429Z_378
http://example.org/stkg/obs/pos/BTR80/20260205T224430Z/379	http://www.w3.org/2002/07/owl#sameAs	http://example.org/stkg/id/obs_pos_BTR80_20260205T224430Z_379
http://example.org/stkg/obs/pos/BTR80/20260205T224431Z/380	http://www.w3.org/2002/07/owl#sameAs	http://example.org/stkg/id/obs_pos_BTR80_20260205T224431Z_380
http://example.org/stkg/obs/pos/BTR80/20260205T224432Z/381	http://www.w3.org/2002/07/owl#sameAs	http://example.org/stkg/id/obs_pos_BTR80_20260205T224432Z_381
http://example.org/stkg/obs/pos/BTR80/20260205T224433Z/382	http://www.w3.org/2002/07/owl#sameAs	http://example.org/stkg/id/obs_pos_BTR80_20260205T224433Z_382
http://example.org/stkg/obs/pos/BTR80/20260205T224434Z/383	http://www.w3.org/2002/07/owl#sameAs	http://example.org/stkg/id/obs_pos_BTR80_20260205T224434Z_383
http://example.org/stkg/obs/pos/BTR80/20260205T224435Z/384	http://www.w3.org/2002/07/owl#sameAs	http://example.org/stkg/id/obs_pos_BTR80_20260205T224435Z_384
http://example.org/stkg/obs/pos/BTR80/20260205T224436Z/385	http://www.w3.org/2002/07/owl#sameAs	http://example.org/stkg/id/obs_pos_BTR80_20260205T224436Z_385
http://example.org/stkg/obs/pos/BTR80/20260205T224437Z/386	http://www.w3.org/2002/07/owl#sameAs	http://example.org/stkg/id/obs_pos_BTR80_20260205T224437Z_386
http://example.org/stkg/obs/pos/BTR80/20260205T224438Z/387	http://www.w3.org/2002/07/owl#sameAs	http://example.org/stkg/id/obs_pos_BTR80_20260205T224438Z_387
http://example.org/stkg/obs/pos/BTR80/20260205T224439Z/388	http://www.w3.org/2002/07/owl#sameAs	http://example.org/stkg/id/obs_pos_BTR80_20260205T224439Z_388
http://example.org/stkg/obs/pos/BTR80/20260205T224440Z/389	http://www.w3.org/2002/07/owl#sameAs	http://example.org/stkg/id/obs_pos_BTR80_20260205T224440Z_389
http://example.org/stkg/obs/pos/BTR80/20260205T224441Z/390	http://www.w3.org/2002/07/owl#sameAs	http://example.org/stkg/id/obs_pos_BTR80_20260205T224441Z_390
http://example.org/stkg/obs/pos/BTR80/20260205T224442Z/391	http://www.w3.org/2002/07/owl#sameAs	http://example.org/stkg/id/obs_pos_BTR80_20260205T224442Z_391
http://example.org/stkg/obs/pos/BTR80/20260205T224443Z/392	http://www.w3.org/2002/07/owl#sameAs	http://example.org/stkg/id/obs_pos_BTR80_20260205T224443Z_392
http://example.org/stkg/obs/pos/BTR80/20260205T224444Z/393	http://www.w3.org/2002/07/owl#sameAs	http://example.org/stkg/id/obs_pos_BTR80_20260205T224444Z_393
http://example.org/stkg/obs/pos/BTR80/20260205T224445Z/394	http://www.w3.org/2002/07/owl#sameAs	http://example.org/stkg/id/obs_pos_BTR80_20260205T224445Z_394
http://example.org/stkg/obs/pos/BTR80/20260205T224446Z/395	http://www.w3.org/2002/07/owl#sameAs	http://example.org/stkg/id/obs_pos_BTR80_20260205T224446Z_395
http://example.org/stkg/obs/pos/BTR80/20260205T224447Z/396	http://www.w3.org/2002/07/owl#sameAs	http://example.org/stkg/id/obs_pos_BTR80_20260205T224447Z_396
http://example.org/stkg/obs/pos/BTR80/20260205T224448Z/397	http://www.w3.org/2002/07/owl#sameAs	http://example.org/stkg/id/obs_pos_BTR80_20260205T224448Z_397
http://example.org/stkg/obs/pos/BTR80/20260205T224449Z/398	http://www.w3.org/2002/07/owl#sameAs	http://example.org/stkg/id/obs_pos_BTR80_20260205T224449Z_398
http://example.org/stkg/obs/pos/BTR80/20260205T224450Z/399	http://www.w3.org/2002/07/owl#sameAs	http://example.org/stkg/id/obs_pos_BTR80_20260205T224450Z_399
http://example.org/stkg/obs/pos/BTR80/20260205T224451Z/400	http://www.w3.org/2002/07/owl#sameAs	http://example.org/stkg/id/obs_pos_BTR80_20260205T224451Z_400
http://example.org/stkg/platform/BTR80	http://www.w3.org/2002/07/owl#sameAs	http://example.org/stkg/id/platform_BTR80
