time,BF_object_A,lat_A,long_A,BF_object_C,lat_C,long_C,BF_object_D,lat_D,long_D,A-C,C-A,C-D,D-C,A-D,D-A
+2026-02-05T22:36:32Z,T72,35,130.0000878,BTR80,35.0000541,130.01756,K2BlackPanther,35.0000317,130.027218,located behind,located ahead of,located behind,located ahead of,located behind,located ahead of
+2026-02-05T22:36:33Z,T72,35,130.0001756,BTR80,35.0000541,130.01756,K2BlackPanther,35.0000317,130.027218,located behind,located ahead of,located behind,located ahead of,located behind,located ahead of
+2026-02-05T22:36:34Z,T72,35,130.0002634,BTR80,35.0000541,130.01756,K2BlackPanther,35.0000317,130.027218,located behind,located ahead of,located behind,located ahead of,located behind,located ahead of
+2026-02-05T22:36:35Z,T72,35,130.0003512,BTR80,35.0000541,130.01756,K2BlackPanther,35.0000317,130.027218,located behind,located ahead of,located behind,located ahead of,located behind,located ahead of
+2026-02-05T22:36:36Z,T72,35,130.000439,BTR80,35.0000541,130.01756,K2BlackPanther,35.0000317,130.027218,located behind,located ahead of,located behind,located ahead of,located behind,located ahead of
+2026-02-05T22:36:37Z,T72,35,130.0005268,BTR80,35.0000541,130.01756,K2BlackPanther,35.0000317,130.027218,located behind,located ahead of,located behind,located ahead of,located behind,located ahead of
+2026-02-05T22:36:38Z,T72,35,130.0006146,BTR80,35.0000541,130.01756,K2BlackPanther,35.0000317,130.027218,located behind,located ahead of,located behind,located ahead of,located behind,located ahead of
+2026-02-05T22:36:39Z,T72,35,130.0007024,BTR80,35.0000541,130.01756,K2BlackPanther,35.0000317,130.027218,located behind,located ahead of,located behind,located ahead of,located behind,located ahead of
+2026-02-05T22:36:40Z,T72,35,130.0007902,BTR80,35.0000541,130.01756,K2BlackPanther,35.0000317,130.027218,located behind,located ahead of,located behind,located ahead of,located behind,located ahead of
+2026-02-05T22:36:41Z,T72,35,130.000878,BTR80,35.0000541,130.01756,K2BlackPanther,35.0000317,130.027218,located behind,located ahead of,located behind,located ahead of,located behind,located ahead of
+2026-02-05T22:36:42Z,T72,35,130.0009658,BTR80,35.0000541,130.01756,K2BlackPanther,35.0000317,130.027218,located behind,located ahead of,located behind,located ahead of,located behind,located ahead of
+2026-02-05T22:36:43Z,T72,35,130.0010536,BTR80,35.0000541,130.01756,K2BlackPanther,35.0000317,130.027218,located behind,located ahead of,located behind,located ahead of,located behind,located ahead of
+2026-02-05T22:36:44Z,T72,35,130.0011414,BTR80,35.0000541,130.01756,K2BlackPanther,35.0000317,130.027218,located behind,located ahead of,located behind,located ahead of,located behind,located ahead of
+2026-02-05T22:36:45Z,T72,35,130.0012292,BTR80,35.0000541,130.01756,K2BlackPanther,35.0000317,130.027218,located behind,located ahead of,located behind,located ahead of,located behind,located ahead of
+2026-02-05T22:36:46Z,T72,35,130.001317,BTR80,35.0000541,130.01756,K2BlackPanther,35.0000317,130.027218,located behind,located ahead of,located behind,located ahead of,located behind,located ahead of
+2026-02-05T22:36:47Z,T72,35,130.0014048,BTR80,35.0000541,130.01756,K2BlackPanther,35.0000317,130.027218,located behind,located ahead of,located behind,located ahead of,located behind,located ahead of
+2026-02-05T22:36:48Z,T72,35,130.0014926,BTR80,35.0000541,130.01756,K2BlackPanther,35.0000317,130.027218,located behind,located ahead of,located behind,located ahead of,located behind,located ahead of
+2026-02-05T22:36:49Z,T72,35,130.0015804,BTR80,35.0000541,130.01756,K2BlackPanther,35.0000317,130.027218,located behind,located ahead of,located behind,located ahead of,located behind,located ahead of
+2026-02-05T22:36:50Z,T72,35,130.0016682,BTR80,35.0000541,130.01756,K2BlackPanther,35.0000317,130.027218,located behind,located ahead of,located behind,located ahead of,located behind,located ahead of
+2026-02-05T22:36:51Z,T72,35,130.001756,BTR80,35.0000541,130.01756,K2BlackPanther,35.0000317,130.027218,located behind,located ahead of,located behind,located ahead of,located behind,located ahead of
+2026-02-05T22:36:52Z,T72,35,130.0018438,BTR80,35.0000541,130.01756,K2BlackPanther,35.0000317,130.027218,located behind,located ahead of,located behind,located ahead of,located behind,located ahead of
+2026-02-05T22:36:53Z,T72,35,130.0019316,BTR80,35.0000541,130.01756,K2BlackPanther,35.0000317,130.027218,located behind,located ahead of,located behind,located ahead of,located behind,located ahead of
+2026-02-05T22:36:54Z,T72,35,130.0020194,BTR80,35.0000541,130.01756,K2BlackPanther,35.0000317,130.027218,located behind,located ahead of,located behind,located ahead of,located behind,located ahead of
+2026-02-05T22:36:55Z,T72,35,130.0021072,BTR80,35.0000541,130.01756,K2BlackPanther,35.0000317,130.027218,located behind,located ahead of,located behind,located ahead of,located behind,located ahead of
+2026-02-05T22:36:56Z,T72,35,130.002195,BTR80,35.0000541,130.01756,K2BlackPanther,35.0000317,130.027218,located behind,located ahead of,located behind,located ahead of,located behind,located ahead of
+2026-02-05T22:36:57Z,T72,35,130.0022828,BTR80,35.0000541,130.01756,K2BlackPanther,35.0000317,130.027218,located behind,located ahead of,located behind,located ahead of,located behind,located ahead of
+2026-02-05T22:36:58Z,T72,35,130.0023706,BTR80,35.0000541,130.01756,K2BlackPanther,35.0000317,130.027218,located behind,located ahead of,located behind,located ahead of,located behind,located ahead of
+2026-02-05T22:36:59Z,T72,35,130.0024584,BTR80,35.0000541,130.01756,K2BlackPanther,35.0000317,130.027218,located behind,located ahead of,located behind,located ahead of,located behind,located ahead of
+2026-02-05T22:37:00Z,T72,35,130.0025462,BTR80,35.0000541,130.01756,K2BlackPanther,35.0000317,130.027218,located behind,located ahead of,located behind,located ahead of,located behind,located ahead of
+2026-02-05T22:37:01Z,T72,35,130.002634,BTR80,35.0000541,130.01756,K2BlackPanther,35.0000317,130.027218,located behind,located ahead of,located behind,located ahead of,located behind,located ahead of
+2026-02-05T22:37:02Z,T72,35,130.0027218,BTR80,35.0000541,130.01756,K2BlackPanther,35.0000317,130.027218,located behind,located ahead of,located behind,located ahead of,located behind,located ahead of
+2026-02-05T22:37:03Z,T72,35,130.0028096,BTR80,35.0000541,130.01756,K2BlackPanther,35.0000317,130.027218,located behind,located ahead of,located behind,located ahead of,located behind,located ahead of
+2026-02-05T22:37:04Z,T72,35,130.0028974,BTR80,35.0000541,130.01756,K2BlackPanther,35.0000317,130.027218,located behind,located ahead of,located behind,located ahead of,located behind,located ahead of
+2026-02-05T22:37:05Z,T72,35,130.0029852,BTR80,35.0000541,130.01756,K2BlackPanther,35.0000317,130.027218,located behind,located ahead of,located behind,located ahead of,located behind,located ahead of
+2026-02-05T22:37:06Z,T72,35,130.003073,BTR80,35.0000541,130.01756,K2BlackPanther,35.0000317,130.027218,located behind,located ahead of,located behind,located ahead of,located behind,located ahead of
+2026-02-05T22:37:07Z,T72,35,130.0031608,BTR80,35.0000541,130.01756,K2BlackPanther,35.0000317,130.027218,located behind,located ahead of,located behind,located ahead of,located behind,located ahead of
+2026-02-05T22:37:08Z,T72,35,130.0032486,BTR80,35.0000541,130.01756,K2BlackPanther,35.0000317,130.027218,located behind,located ahead of,located behind,located ahead of,located behind,located ahead of
+2026-02-05T22:37:09Z,T72,35,130.0033364,BTR80,35.0000541,130.01756,K2BlackPanther,35.0000317,130.027218,located behind,located ahead of,located behind,located ahead of,located behind,located ahead of
+2026-02-05T22:37:10Z,T72,35,130.0034242,BTR80,35.0000541,130.01756,K2BlackPanther,35.0000317,130.027218,located behind,located ahead of,located behind,located ahead of,located behind,located ahead of
+2026-02-05T22:37:11Z,T72,35,130.003512,BTR80,35.0000541,130.01756,K2BlackPanther,35.0000317,130.027218,located behind,located ahead of,located behind,located ahead of,located behind,located ahead of
+2026-02-05T22:37:12Z,T72,35,130.0035998,BTR80,35.0000541,130.01756,K2BlackPanther,35.0000317,130.027218,located behind,located ahead of,located behind,located ahead of,located behind,located ahead of
+2026-02-05T22:37:13Z,T72,35,130.0036876,BTR80,35.0000541,130.01756,K2BlackPanther,35.0000317,130.027218,located behind,located ahead of,located behind,located ahead of,located behind,located ahead of
+2026-02-05T22:37:14Z,T72,35,130.0037754,BTR80,35.0000541,130.01756,K2BlackPanther,35.0000317,130.027218,located behind,located ahead of,located behind,located ahead of,located behind,located ahead of
+2026-02-05T22:37:15Z,T72,35,130.0038632,BTR80,35.0000541,130.01756,K2BlackPanther,35.0000317,130.027218,located behind,located ahead of,located behind,located ahead of,located behind,located ahead of
+2026-02-05T22:37:16Z,T72,35,130.003951,BTR80,35.0000541,130.01756,K2BlackPanther,35.0000317,130.027218,located behind,located ahead of,located behind,located ahead of,located behind,located ahead of
+2026-02-05T22:37:17Z,T72,35,130.0040388,BTR80,35.0000541,130.01756,K2BlackPanther,35.0000317,130.027218,located behind,located ahead of,located behind,located ahead of,located behind,located ahead of
+2026-02-05T22:37:18Z,T72,35,130.0041266,BTR80,35.0000541,130.01756,K2BlackPanther,35.0000317,130.027218,located behind,located ahead of,located behind,located ahead of,located behind,located ahead of
+2026-02-05T22:37:19Z,T72,35,130.0042144,BTR80,35.0000541,130.01756,K2BlackPanther,35.0000317,130.027218,located behind,located ahead of,located behind,located ahead of,located behind,located ahead of
+2026-02-05T22:37:20Z,T72,35,130.0043022,BTR80,35.0000541,130.01756,K2BlackPanther,35.0000317,130.027218,located behind,located ahead of,located behind,located ahead of,located behind,located ahead of
+2026-02-05T22:37:21Z,T72,35,130.00439,BTR80,35.0000541,130.01756,K2BlackPanther,35.0000317,130.027218,located behind,located ahead of,located behind,located ahead of,located behind,located ahead of
+2026-02-05T22:37:22Z,T72,35,130.0044778,BTR80,35.0000541,130.01756,K2BlackPanther,35.0000317,130.027218,located behind,located ahead of,located behind,located ahead of,located behind,located ahead of
+2026-02-05T22:37:23Z,T72,35,130.0045656,BTR80,35.0000541,130.01756,K2BlackPanther,35.0000317,130.027218,located behind,located ahead of,located behind,located ahead of,located behind,located ahead of
+2026-02-05T22:37:24Z,T72,35,130.0046534,BTR80,35.0000541,130.01756,K2BlackPanther,35.0000317,130.027218,located behind,located ahead of,located behind,located ahead of,located behind,located ahead of
+2026-02-05T22:37:25Z,T72,35,130.0047412,BTR80,35.0000541,130.01756,K2BlackPanther,35.0000317,130.027218,located behind,located ahead of,located behind,located ahead of,located behind,located ahead of
+2026-02-05T22:37:26Z,T72,35,130.004829,BTR80,35.0000541,130.01756,K2BlackPanther,35.0000317,130.027218,located behind,located ahead of,located behind,located ahead of,located behind,located ahead of
+2026-02-05T22:37:27Z,T72,35,130.0049168,BTR80,35.0000541,130.01756,K2BlackPanther,35.0000317,130.027218,located behind,located ahead of,located behind,located ahead of,located behind,located ahead of
+2026-02-05T22:37:28Z,T72,35,130.0050046,BTR80,35.0000541,130.01756,K2BlackPanther,35.0000317,130.027218,located behind,located ahead of,located behind,located ahead of,located behind,located ahead of
+2026-02-05T22:37:29Z,T72,35,130.0050924,BTR80,35.0000541,130.01756,K2BlackPanther,35.0000317,130.027218,located behind,located ahead of,located behind,located ahead of,located behind,located ahead of
+2026-02-05T22:37:30Z,T72,35,130.0051802,BTR80,35.0000541,130.01756,K2BlackPanther,35.0000317,130.027218,located behind,located ahead of,located behind,located ahead of,located behind,located ahead of
+2026-02-05T22:37:31Z,T72,35,130.005268,BTR80,35.0000541,130.01756,K2BlackPanther,35.0000317,130.027218,located behind,located ahead of,located behind,located ahead of,located behind,located ahead of
+2026-02-05T22:37:32Z,T72,35,130.0053558,BTR80,35.0000541,130.01756,K2BlackPanther,35.0000317,130.027218,located behind,located ahead of,located behind,located ahead of,located behind,located ahead of
+2026-02-05T22:37:33Z,T72,35,130.0054436,BTR80,35.0000541,130.01756,K2BlackPanther,35.0000317,130.027218,located behind,located ahead of,located behind,located ahead of,located behind,located ahead of
+2026-02-05T22:37:34Z,T72,35,130.0055314,BTR80,35.0000541,130.01756,K2BlackPanther,35.0000317,130.027218,located behind,located ahead of,located behind,located ahead of,located behind,located ahead of
+2026-02-05T22:37:35Z,T72,35,130.0056192,BTR80,35.0000541,130.01756,K2BlackPanther,35.0000317,130.027218,located behind,located ahead of,located behind,located ahead of,located behind,located ahead of
+2026-02-05T22:37:36Z,T72,35,130.005707,BTR80,35.0000541,130.01756,K2BlackPanther,35.0000317,130.027218,located behind,located ahead of,located behind,located ahead of,located behind,located ahead of
+2026-02-05T22:37:37Z,T72,35,130.0057948,BTR80,35.0000541,130.01756,K2BlackPanther,35.0000317,130.027218,located behind,located ahead of,located behind,located ahead of,located behind,located ahead of
+2026-02-05T22:37:38Z,T72,35,130.0058826,BTR80,35.0000541,130.01756,K2BlackPanther,35.0000317,130.027218,located behind,located ahead of,located behind,located ahead of,located behind,located ahead of
+2026-02-05T22:37:39Z,T72,35,130.0059704,BTR80,35.0000541,130.01756,K2BlackPanther,35.0000317,130.027218,located behind,located ahead of,located behind,located ahead of,located behind,located ahead of
+2026-02-05T22:37:40Z,T72,35,130.0060582,BTR80,35.0000541,130.01756,K2BlackPanther,35.0000317,130.027218,located behind,located ahead of,located behind,located ahead of,located behind,located ahead of
+2026-02-05T22:37:41Z,T72,35,130.006146,BTR80,35.0000541,130.01756,K2BlackPanther,35.0000317,130.027218,located behind,located ahead of,located behind,located ahead of,located behind,located ahead of
+2026-02-05T22:37:42Z,T72,35,130.0062338,BTR80,35.0000541,130.01756,K2BlackPanther,35.0000317,130.027218,located behind,located ahead of,located behind,located ahead of,located behind,located ahead of
+2026-02-05T22:37:43Z,T72,35,130.0063216,BTR80,35.0000541,130.01756,K2BlackPanther,35.0000317,130.027218,located behind,located ahead of,located behind,located ahead of,located behind,located ahead of
+2026-02-05T22:37:44Z,T72,35,130.0064094,BTR80,35.0000541,130.01756,K2BlackPanther,35.0000317,130.027218,located behind,located ahead of,located behind,located ahead of,located behind,located ahead of
+2026-02-05T22:37:45Z,T72,35,130.0064972,BTR80,35.0000541,130.01756,K2BlackPanther,35.0000317,130.027218,located behind,located ahead of,located behind,located ahead of,located behind,located ahead of
+2026-02-05T22:37:46Z,T72,35,130.006585,BTR80,35.0000541,130.01756,K2BlackPanther,35.0000317,130.027218,located behind,located ahead of,located behind,located ahead of,located behind,located ahead of
+2026-02-05T22:37:47Z,T72,35,130.0066728,BTR80,35.0000541,130.01756,K2BlackPanther,35.0000317,130.027218,located behind,located ahead of,located behind,located ahead of,located behind,located ahead of
+2026-02-05T22:37:48Z,T72,35,130.0067606,BTR80,35.0000541,130.01756,K2BlackPanther,35.0000317,130.027218,located behind,located ahead of,located behind,located ahead of,located behind,located ahead of
+2026-02-05T22:37:49Z,T72,35,130.0068484,BTR80,35.0000541,130.01756,K2BlackPanther,35.0000317,130.027218,located behind,located ahead of,located behind,located ahead of,located behind,located ahead of
+2026-02-05T22:37:50Z,T72,35,130.0069362,BTR80,35.0000541,130.01756,K2BlackPanther,35.0000317,130.027218,located behind,located ahead of,located behind,located ahead of,located behind,located ahead of
+2026-02-05T22:37:51Z,T72,35,130.007024,BTR80,35.0000541,130.01756,K2BlackPanther,35.0000317,130.027218,located behind,located ahead of,located behind,located ahead of,located behind,located ahead of
+2026-02-05T22:37:52Z,T72,35,130.0071118,BTR80,35.0000541,130.01756,K2BlackPanther,35.0000317,130.027218,located behind,located ahead of,located behind,located ahead of,located behind,located ahead of
+2026-02-05T22:37:53Z,T72,35,130.0071996,BTR80,35.0000541,130.01756,K2BlackPanther,35.0000317,130.027218,located behind,located ahead of,located behind,located ahead of,located behind,located ahead of
+2026-02-05T22:37:54Z,T72,35,130.0072874,BTR80,35.0000541,130.01756,K2BlackPanther,35.0000317,130.027218,located behind,located ahead of,located behind,located ahead of,located behind,located ahead of
+2026-02-05T22:37:55Z,T72,35,130.0073752,BTR80,35.0000541,130.01756,K2BlackPanther,35.0000317,130.027218,located behind,located ahead of,located behind,located ahead of,located behind,located ahead of
+2026-02-05T22:37:56Z,T72,35,130.007463,BTR80,35.0000541,130.01756,K2BlackPanther,35.0000317,130.027218,located behind,located ahead of,located behind,located ahead of,located behind,located ahead of
+2026-02-05T22:37:57Z,T72,35,130.0075508,BTR80,35.0000541,130.01756,K2BlackPanther,35.0000317,130.027218,located behind,located ahead of,located behind,located ahead of,located behind,located ahead of
+2026-02-05T22:37:58Z,T72,35,130.0076386,BTR80,35.0000541,130.01756,K2BlackPanther,35.0000317,130.027218,located behind,located ahead of,located behind,located ahead of,located behind,located ahead of
+2026-02-05T22:37:59Z,T72,35,130.0077264,BTR80,35.0000541,130.01756,K2BlackPanther,35.0000317,130.027218,located behind,located ahead of,located behind,located ahead of,located behind,located ahead of
+2026-02-05T22:38:00Z,T72,35,130.0078142,BTR80,35.0000541,130.01756,K2BlackPanther,35.0000317,130.027218,located behind,located ahead of,located behind,located ahead of,located behind,located ahead of
+2026-02-05T22:38:01Z,T72,35,130.007902,BTR80,35.0000541,130.01756,K2BlackPanther,35.0000317,130.027218,located behind,located ahead of,located behind,located ahead of,located behind,located ahead of
+2026-02-05T22:38:02Z,T72,35,130.0079898,BTR80,35.0000541,130.01756,K2BlackPanther,35.0000317,130.027218,located behind,located ahead of,located behind,located ahead of,located behind,located ahead of
+2026-02-05T22:38:03Z,T72,35,130.0080776,BTR80,35.0000541,130.01756,K2BlackPanther,35.0000317,130.027218,located behind,located ahead of,located behind,located ahead of,located behind,located ahead of
+2026-02-05T22:38:04Z,T72,35,130.0081654,BTR80,35.0000541,130.01756,K2BlackPanther,35.0000317,130.027218,located behind,located ahead of,located behind,located ahead of,located behind,located ahead of
+2026-02-05T22:38:05Z,T72,35,130.0082532,BTR80,35.0000541,130.01756,K2BlackPanther,35.0000317,130.027218,located behind,located ahead of,located behind,located ahead of,located behind,located ahead of
+2026-02-05T22:38:06Z,T72,35,130.008341,BTR80,35.0000541,130.01756,K2BlackPanther,35.0000317,130.027218,located behind,located ahead of,located behind,located ahead of,located behind,located ahead of
+2026-02-05T22:38:07Z,T72,35,130.0084288,BTR80,35.0000541,130.01756,K2BlackPanther,35.0000317,130.027218,located behind,located ahead of,located behind,located ahead of,located behind,located ahead of
+2026-02-05T22:38:08Z,T72,35,130.0085166,BTR80,35.0000541,130.01756,K2BlackPanther,35.0000317,130.027218,located behind,located ahead of,located behind,located ahead of,located behind,located ahead of
+2026-02-05T22:38:09Z,T72,35,130.0086044,BTR80,35.0000541,130.01756,K2BlackPanther,35.0000317,130.027218,located behind,located ahead of,located behind,located ahead of,located behind,located ahead of
+2026-02-05T22:38:10Z,T72,35,130.0086922,BTR80,35.0000541,130.01756,K2BlackPanther,35.0000317,130.027218,located behind,located ahead of,located behind,located ahead of,located behind,located ahead of
+2026-02-05T22:38:11Z,T72,35,130.00878,BTR80,35.0000541,130.01756,K2BlackPanther,35.0000317,130.027218,located behind,located ahead of,located behind,located ahead of,located behind,located ahead of
+2026-02-05T22:38:12Z,T72,35,130.0088678,BTR80,35.0000541,130.01756,K2BlackPanther,35.0000317,130.027218,located behind,located ahead of,located behind,located ahead of,located behind,located ahead of
+2026-02-05T22:38:13Z,T72,35,130.0089556,BTR80,35.0000541,130.01756,K2BlackPanther,35.0000317,130.027218,located behind,located ahead of,located behind,located ahead of,located behind,located ahead of
+2026-02-05T22:38:14Z,T72,35,130.0090434,BTR80,35.0000541,130.01756,K2BlackPanther,35.0000317,130.027218,located behind,located ahead of,located behind,located ahead of,located behind,located ahead of
+2026-02-05T22:38:15Z,T72,35,130.0091312,BTR80,35.0000541,130.01756,K2BlackPanther,35.0000317,130.027218,located behind,located ahead of,located behind,located ahead of,located behind,located ahead of
+2026-02-05T22:38:16Z,T72,35,130.009219,BTR80,35.0000541,130.01756,K2BlackPanther,35.0000317,130.027218,located behind,located ahead of,located behind,located ahead of,located behind,located ahead of
+2026-02-05T22:38:17Z,T72,35,130.0093068,BTR80,35.0000541,130.01756,K2BlackPanther,35.0000317,130.027218,located behind,located ahead of,located behind,located ahead of,located behind,located ahead of
+2026-02-05T22:38:18Z,T72,35,130.0093946,BTR80,35.0000541,130.01756,K2BlackPanther,35.0000317,130.027218,located behind,located ahead of,located behind,located ahead of,located behind,located ahead of
+2026-02-05T22:38:19Z,T72,35,130.0094824,BTR80,35.0000541,130.01756,K2BlackPanther,35.0000317,130.027218,located behind,located ahead of,located behind,located ahead of,located behind,located ahead of
+2026-02-05T22:38:20Z,T72,35,130.0095702,BTR80,35.0000541,130.01756,K2BlackPanther,35.0000317,130.027218,located behind,located ahead of,located behind,located ahead of,located behind,located ahead of
+2026-02-05T22:38:21Z,T72,35,130.009658,BTR80,35.0000541,130.01756,K2BlackPanther,35.0000317,130.027218,located behind,located ahead of,located behind,located ahead of,located behind,located ahead of
+2026-02-05T22:38:22Z,T72,35,130.0097458,BTR80,35.0000541,130.01756,K2BlackPanther,35.0000317,130.027218,located behind,located ahead of,located behind,located ahead of,located behind,located ahead of
+2026-02-05T22:38:23Z,T72,35,130.0098336,BTR80,35.0000541,130.01756,K2BlackPanther,35.0000317,130.027218,located behind,located ahead of,located behind,located ahead of,located behind,located ahead of
+2026-02-05T22:38:24Z,T72,35,130.0099214,BTR80,35.0000541,130.01756,K2BlackPanther,35.0000317,130.027218,located behind,located ahead of,located behind,located ahead of,located behind,located ahead of
+2026-02-05T22:38:25Z,T72,35,130.0100092,BTR80,35.0000541,130.01756,K2BlackPanther,35.0000317,130.027218,located behind,located ahead of,located behind,located ahead of,located behind,located ahead of
+2026-02-05T22:38:26Z,T72,35,130.010097,BTR80,35.0000541,130.01756,K2BlackPanther,35.0000317,130.027218,located behind,located ahead of,located behind,located ahead of,located behind,located ahead of
+2026-02-05T22:38:27Z,T72,35,130.0101848,BTR80,35.0000541,130.01756,K2BlackPanther,35.0000317,130.027218,located behind,located ahead of,located behind,located ahead of,located behind,located ahead of
+2026-02-05T22:38:28Z,T72,35,130.0102726,BTR80,35.0000541,130.01756,K2BlackPanther,35.0000317,130.027218,located behind,located ahead of,located behind,located ahead of,located behind,located ahead of
+2026-02-05T22:38:29Z,T72,35,130.0103604,BTR80,35.0000541,130.01756,K2BlackPanther,35.0000317,130.027218,located behind,located ahead of,located behind,located ahead of,located behind,located ahead of
+2026-02-05T22:38:30Z,T72,35,130.0104482,BTR80,35.0000541,130.01756,K2BlackPanther,35.0000317,130.027218,located behind,located ahead of,located behind,located ahead of,located behind,located ahead of
+2026-02-05T22:38:31Z,T72,35,130.010536,BTR80,35.0000541,130.01756,K2BlackPanther,35.0000317,130.027218,located behind,located ahead of,located behind,located ahead of,located behind,located ahead of
+2026-02-05T22:38:32Z,T72,35,130.0106238,BTR80,35.0000541,130.01756,K2BlackPanther,35.0000317,130.027218,located behind,located ahead of,located behind,located ahead of,located behind,located ahead of
+2026-02-05T22:38:33Z,T72,35,130.0107116,BTR80,35.0000541,130.01756,K2BlackPanther,35.0000317,130.027218,located behind,located ahead of,located behind,located ahead of,located behind,located ahead of
+2026-02-05T22:38:34Z,T72,35,130.0107994,BTR80,35.0000541,130.01756,K2BlackPanther,35.0000317,130.027218,located behind,located ahead of,located behind,located ahead of,located behind,located ahead of
+2026-02-05T22:38:35Z,T72,35,130.0108872,BTR80,35.0000541,130.01756,K2BlackPanther,35.0000317,130.027218,located behind,located ahead of,located behind,located ahead of,located behind,located ahead of
+2026-02-05T22:38:36Z,T72,35,130.010975,BTR80,35.0000541,130.01756,K2BlackPanther,35.0000317,130.027218,located behind,located ahead of,located behind,located ahead of,located behind,located ahead of
+2026-02-05T22:38:37Z,T72,35,130.0110628,BTR80,35.0000541,130.01756,K2BlackPanther,35.0000317,130.027218,located behind,located ahead of,located behind,located ahead of,located behind,located ahead of
+2026-02-05T22:38:38Z,T72,35,130.0111506,BTR80,35.0000541,130.01756,K2BlackPanther,35.0000317,130.027218,located behind,located ahead of,located behind,located ahead of,located behind,located ahead of
+2026-02-05T22:38:39Z,T72,35,130.0112384,BTR80,35.0000541,130.01756,K2BlackPanther,35.0000317,130.027218,located behind,located ahead of,located behind,located ahead of,located behind,located ahead of
+2026-02-05T22:38:40Z,T72,35,130.0113262,BTR80,35.0000541,130.01756,K2BlackPanther,35.0000317,130.027218,located behind,located ahead of,located behind,located ahead of,located behind,located ahead of
+2026-02-05T22:38:41Z,T72,35,130.011414,BTR80,35.0000541,130.01756,K2BlackPanther,35.0000317,130.027218,located behind,located ahead of,located behind,located ahead of,located behind,located ahead of
+2026-02-05T22:38:42Z,T72,35,130.0115018,BTR80,35.0000541,130.01756,K2BlackPanther,35.0000317,130.027218,located behind,located ahead of,located behind,located ahead of,located behind,located ahead of
+2026-02-05T22:38:43Z,T72,35,130.0115896,BTR80,35.0000541,130.01756,K2BlackPanther,35.0000317,130.027218,located behind,located ahead of,located behind,located ahead of,located behind,located ahead of
+2026-02-05T22:38:44Z,T72,35,130.0116774,BTR80,35.0000541,130.01756,K2BlackPanther,35.0000317,130.027218,located behind,located ahead of,located behind,located ahead of,located behind,located ahead of
+2026-02-05T22:38:45Z,T72,35,130.0117652,BTR80,35.0000541,130.01756,K2BlackPanther,35.0000317,130.027218,located behind,located ahead of,located behind,located ahead of,located behind,located ahead of
+2026-02-05T22:38:46Z,T72,35,130.011853,BTR80,35.0000541,130.01756,K2BlackPanther,35.0000317,130.027218,located behind,located ahead of,located behind,located ahead of,located behind,located ahead of
+2026-02-05T22:38:47Z,T72,35,130.0119408,BTR80,35.0000541,130.01756,K2BlackPanther,35.0000317,130.027218,located behind,located ahead of,located behind,located ahead of,located behind,located ahead of
+2026-02-05T22:38:48Z,T72,35,130.0120286,BTR80,35.0000541,130.01756,K2BlackPanther,35.0000317,130.027218,located behind,located ahead of,located behind,located ahead of,located behind,located ahead of
+2026-02-05T22:38:49Z,T72,35,130.0121164,BTR80,35.0000541,130.01756,K2BlackPanther,35.0000317,130.027218,located behind,located ahead of,located behind,located ahead of,located behind,located ahead of
+2026-02-05T22:38:50Z,T72,35,130.0122042,BTR80,35.0000541,130.01756,K2BlackPanther,35.0000317,130.027218,located behind,located ahead of,located behind,located ahead of,located behind,located ahead of
+2026-02-05T22:38:51Z,T72,35,130.012292,BTR80,35.0000541,130.01756,K2BlackPanther,35.0000317,130.027218,located behind,located ahead of,located behind,located ahead of,located behind,located ahead of
+2026-02-05T22:38:52Z,T72,35,130.0123798,BTR80,35.0000541,130.01756,K2BlackPanther,35.0000317,130.027218,located behind,located ahead of,located behind,located ahead of,located behind,located ahead of
+2026-02-05T22:38:53Z,T72,35,130.0124676,BTR80,35.0000541,130.01756,K2BlackPanther,35.0000317,130.027218,located behind,located ahead of,located behind,located ahead of,located behind,located ahead of
+2026-02-05T22:38:54Z,T72,35,130.0125554,BTR80,35.0000541,130.01756,K2BlackPanther,35.0000317,130.027218,located behind,located ahead of,located behind,located ahead of,located behind,located ahead of
+2026-02-05T22:38:55Z,T72,35,130.0126432,BTR80,35.0000541,130.01756,K2BlackPanther,35.0000317,130.027218,located behind,located ahead of,located behind,located ahead of,located behind,located ahead of
+2026-02-05T22:38:56Z,T72,35,130.012731,BTR80,35.0000541,130.01756,K2BlackPanther,35.0000317,130.027218,located behind,located ahead of,located behind,located ahead of,located behind,located ahead of
+2026-02-05T22:38:57Z,T72,35,130.0128188,BTR80,35.0000541,130.01756,K2BlackPanther,35.0000317,130.027218,located behind,located ahead of,located behind,located ahead of,located behind,located ahead of
+2026-02-05T22:38:58Z,T72,35,130.0129066,BTR80,35.0000541,130.01756,K2BlackPanther,35.0000317,130.027218,located behind,located ahead of,located behind,located ahead of,located behind,located ahead of
+2026-02-05T22:38:59Z,T72,35,130.0129944,BTR80,35.0000541,130.01756,K2BlackPanther,35.0000317,130.027218,located behind,located ahead of,located behind,located ahead of,located behind,located ahead of
+2026-02-05T22:39:00Z,T72,35,130.0130822,BTR80,35.0000541,130.01756,K2BlackPanther,35.0000317,130.027218,located behind,located ahead of,located behind,located ahead of,located behind,located ahead of
+2026-02-05T22:39:01Z,T72,35,130.01317,BTR80,35.0000541,130.01756,K2BlackPanther,35.0000317,130.027218,located behind,located ahead of,located behind,located ahead of,located behind,located ahead of
+2026-02-05T22:39:02Z,T72,35,130.0132578,BTR80,35.0000541,130.01756,K2BlackPanther,35.0000317,130.027218,located behind,located ahead of,located behind,located ahead of,located behind,located ahead of
+2026-02-05T22:39:03Z,T72,35,130.0133456,BTR80,35.0000541,130.01756,K2BlackPanther,35.0000317,130.027218,located behind,located ahead of,located behind,located ahead of,located behind,located ahead of
+2026-02-05T22:39:04Z,T72,35,130.0134334,BTR80,35.0000541,130.01756,K2BlackPanther,35.0000317,130.027218,located behind,located ahead of,located behind,located ahead of,located behind,located ahead of
+2026-02-05T22:39:05Z,T72,35,130.0135212,BTR80,35.0000541,130.01756,K2BlackPanther,35.0000317,130.027218,located behind,located ahead of,located behind,located ahead of,located behind,located ahead of
+2026-02-05T22:39:06Z,T72,35,130.013609,BTR80,35.0000541,130.01756,K2BlackPanther,35.0000317,130.027218,located behind,located ahead of,located behind,located ahead of,located behind,located ahead of
+2026-02-05T22:39:07Z,T72,35,130.0136968,BTR80,35.0000541,130.01756,K2BlackPanther,35.0000317,130.027218,located behind,located ahead of,located behind,located ahead of,located behind,located ahead of
+2026-02-05T22:39:08Z,T72,35,130.0137846,BTR80,35.0000541,130.01756,K2BlackPanther,35.0000317,130.027218,located behind,located ahead of,located behind,located ahead of,located behind,located ahead of
+2026-02-05T22:39:09Z,T72,35,130.0138724,BTR80,35.0000541,130.01756,K2BlackPanther,35.0000317,130.027218,located behind,located ahead of,located behind,located ahead of,located behind,located ahead of
+2026-02-05T22:39:10Z,T72,35,130.0139602,BTR80,35.0000541,130.01756,K2BlackPanther,35.0000317,130.027218,located behind,located ahead of,located behind,located ahead of,located behind,located ahead of
+2026-02-05T22:39:11Z,T72,35,130.014048,BTR80,35.0000541,130.01756,K2BlackPanther,35.0000317,130.027218,located behind,located ahead of,located behind,located ahead of,located behind,located ahead of
+2026-02-05T22:39:12Z,T72,35,130.0141358,BTR80,35.0000541,130.01756,K2BlackPanther,35.0000317,130.027218,located behind,located ahead of,located behind,located ahead of,located behind,located ahead of
+2026-02-05T22:39:13Z,T72,35,130.0142236,BTR80,35.0000541,130.01756,K2BlackPanther,35.0000317,130.027218,located behind,located ahead of,located behind,located ahead of,located behind,located ahead of
+2026-02-05T22:39:14Z,T72,35,130.0143114,BTR80,35.0000541,130.01756,K2BlackPanther,35.0000317,130.027218,located behind,located ahead of,located behind,located ahead of,located behind,located ahead of
+2026-02-05T22:39:15Z,T72,35,130.0143992,BTR80,35.0000541,130.01756,K2BlackPanther,35.0000317,130.027218,located behind,located ahead of,located behind,located ahead of,located behind,located ahead of
+2026-02-05T22:39:16Z,T72,35,130.014487,BTR80,35.0000541,130.01756,K2BlackPanther,35.0000317,130.027218,located behind,located ahead of,located behind,located ahead of,located behind,located ahead of
+2026-02-05T22:39:17Z,T72,35,130.0145748,BTR80,35.0000541,130.01756,K2BlackPanther,35.0000317,130.027218,located behind,located ahead of,located behind,located ahead of,located behind,located ahead of
+2026-02-05T22:39:18Z,T72,35,130.0146626,BTR80,35.0000541,130.01756,K2BlackPanther,35.0000317,130.027218,located behind,located ahead of,located behind,located ahead of,located behind,located ahead of
+2026-02-05T22:39:19Z,T72,35,130.0147504,BTR80,35.0000541,130.01756,K2BlackPanther,35.0000317,130.027218,located behind,located ahead of,located behind,located ahead of,located behind,located ahead of
+2026-02-05T22:39:20Z,T72,35,130.0148382,BTR80,35.0000541,130.01756,K2BlackPanther,35.0000317,130.027218,located behind,located ahead of,located behind,located ahead of,located behind,located ahead of
+2026-02-05T22:39:21Z,T72,35,130.014926,BTR80,35.0000541,130.01756,K2BlackPanther,35.0000317,130.027218,located behind,located ahead of,located behind,located ahead of,located behind,located ahead of
+2026-02-05T22:39:22Z,T72,35,130.0150138,BTR80,35.0000541,130.01756,K2BlackPanther,35.0000317,130.027218,located behind,located ahead of,located behind,located ahead of,located behind,located ahead of
+2026-02-05T22:39:23Z,T72,35,130.0151016,BTR80,35.0000541,130.01756,K2BlackPanther,35.0000317,130.027218,located behind,located ahead of,located behind,located ahead of,located behind,located ahead of
+2026-02-05T22:39:24Z,T72,35,130.0151894,BTR80,35.0000541,130.01756,K2BlackPanther,35.0000317,130.027218,located behind,located ahead of,located behind,located ahead of,located behind,located ahead of
+2026-02-05T22:39:25Z,T72,35,130.0152772,BTR80,35.0000541,130.01756,K2BlackPanther,35.0000317,130.027218,located behind,located ahead of,located behind,located ahead of,located behind,located ahead of
+2026-02-05T22:39:26Z,T72,35,130.015365,BTR80,35.0000541,130.01756,K2BlackPanther,35.0000317,130.027218,located behind,located ahead of,located behind,located ahead of,located behind,located ahead of
+2026-02-05T22:39:27Z,T72,35,130.0154528,BTR80,35.0000541,130.01756,K2BlackPanther,35.0000317,130.027218,located behind,located ahead of,located behind,located ahead of,located behind,located ahead of
+2026-02-05T22:39:28Z,T72,35,130.0155406,BTR80,35.0000541,130.01756,K2BlackPanther,35.0000317,130.027218,located behind,located ahead of,located behind,located ahead of,located behind,located ahead of
+2026-02-05T22:39:29Z,T72,35,130.0156284,BTR80,35.0000541,130.01756,K2BlackPanther,35.0000317,130.027218,located behind,located ahead of,located behind,located ahead of,located behind,located ahead of
+2026-02-05T22:39:30Z,T72,35,130.0157162,BTR80,35.0000541,130.01756,K2BlackPanther,35.0000317,130.027218,located behind,located ahead of,located behind,located ahead of,located behind,located ahead of
+2026-02-05T22:39:31Z,T72,35,130.015804,BTR80,35.0000541,130.01756,K2BlackPanther,35.0000317,130.027218,located behind,located ahead of,located behind,located ahead of,located behind,located ahead of
+2026-02-05T22:39:32Z,T72,35,130.0158918,BTR80,35.0000541,130.01756,K2BlackPanther,35.0000317,130.027218,located behind,located ahead of,located behind,located ahead of,located behind,located ahead of
+2026-02-05T22:39:33Z,T72,35,130.0159796,BTR80,35.0000541,130.01756,K2BlackPanther,35.0000317,130.027218,located behind,located ahead of,located behind,located ahead of,located behind,located ahead of
+2026-02-05T22:39:34Z,T72,35,130.0160674,BTR80,35.0000541,130.01756,K2BlackPanther,35.0000317,130.027218,located behind,located ahead of,located behind,located ahead of,located behind,located ahead of
+2026-02-05T22:39:35Z,T72,35,130.0161552,BTR80,35.0000541,130.01756,K2BlackPanther,35.0000317,130.027218,located behind,located ahead of,located behind,located ahead of,located behind,located ahead of
+2026-02-05T22:39:36Z,T72,35,130.016243,BTR80,35.0000541,130.01756,K2BlackPanther,35.0000317,130.027218,located behind,located ahead of,located behind,located ahead of,located behind,located ahead of
+2026-02-05T22:39:37Z,T72,35,130.0163308,BTR80,35.0000541,130.01756,K2BlackPanther,35.0000317,130.027218,located behind,located ahead of,located behind,located ahead of,located behind,located ahead of
+2026-02-05T22:39:38Z,T72,35,130.0164186,BTR80,35.0000541,130.01756,K2BlackPanther,35.0000317,130.027218,located behind,located ahead of,located behind,located ahead of,located behind,located ahead of
+2026-02-05T22:39:39Z,T72,35,130.0165064,BTR80,35.0000541,130.01756,K2BlackPanther,35.0000317,130.027218,located behind,located ahead of,located behind,located ahead of,located behind,located ahead of
+2026-02-05T22:39:40Z,T72,35,130.0165942,BTR80,35.0000541,130.01756,K2BlackPanther,35.0000317,130.027218,located behind,located ahead of,located behind,located ahead of,located behind,located ahead of
+2026-02-05T22:39:41Z,T72,35,130.016682,BTR80,35.0000541,130.01756,K2BlackPanther,35.0000317,130.027218,located behind,located ahead of,located behind,located ahead of,located behind,located ahead of
+2026-02-05T22:39:42Z,T72,35,130.0167698,BTR80,35.0000541,130.01756,K2BlackPanther,35.0000317,130.027218,located behind,located ahead of,located behind,located ahead of,located behind,located ahead of
+2026-02-05T22:39:43Z,T72,35,130.0168576,BTR80,35.0000541,130.01756,K2BlackPanther,35.0000317,130.027218,located behind,located ahead of,located behind,located ahead of,located behind,located ahead of
+2026-02-05T22:39:44Z,T72,35,130.0169454,BTR80,35.0000541,130.01756,K2BlackPanther,35.0000317,130.027218,located behind,located ahead of,located behind,located ahead of,located behind,located ahead of
+2026-02-05T22:39:45Z,T72,35,130.0170332,BTR80,35.0000541,130.01756,K2BlackPanther,35.0000317,130.027218,located behind,located ahead of,located behind,located ahead of,located behind,located ahead of
+2026-02-05T22:39:46Z,T72,35,130.017121,BTR80,35.0000541,130.01756,K2BlackPanther,35.0000317,130.027218,located behind,located ahead of,located behind,located ahead of,located behind,located ahead of
+2026-02-05T22:39:47Z,T72,35,130.0172088,BTR80,35.0000541,130.01756,K2BlackPanther,35.0000317,130.027218,located behind,located ahead of,located behind,located ahead of,located behind,located ahead of
+2026-02-05T22:39:48Z,T72,35,130.0172966,BTR80,35.0000541,130.01756,K2BlackPanther,35.0000317,130.027218,located behind,located ahead of,located behind,located ahead of,located behind,located ahead of
+2026-02-05T22:39:49Z,T72,35,130.0173844,BTR80,35.0000541,130.01756,K2BlackPanther,35.0000317,130.027218,located behind,located ahead of,located behind,located ahead of,located behind,located ahead of
+2026-02-05T22:39:50Z,T72,35,130.0174722,BTR80,35.0000541,130.01756,K2BlackPanther,35.0000317,130.027218,located behind,located ahead of,located behind,located ahead of,located behind,located ahead of
+2026-02-05T22:39:51Z,T72,35,130.01756,BTR80,35.0000541,130.01756,K2BlackPanther,35.0000317,130.027218,next to,next to,located behind,located ahead of,located behind,located ahead of
+2026-02-05T22:39:52Z,T72,35,130.0176478,BTR80,35.0000541,130.0176478,K2BlackPanther,35.0000317,130.027218,next to,next to,located behind,located ahead of,located behind,located ahead of
+2026-02-05T22:39:53Z,T72,35,130.0177356,BTR80,35.0000541,130.0177356,K2BlackPanther,35.0000317,130.027218,next to,next to,located behind,located ahead of,located behind,located ahead of
+2026-02-05T22:39:54Z,T72,35,130.0178234,BTR80,35.0000541,130.0178234,K2BlackPanther,35.0000317,130.027218,next to,next to,located behind,located ahead of,located behind,located ahead of
+2026-02-05T22:39:55Z,T72,35,130.0179112,BTR80,35.0000541,130.0179112,K2BlackPanther,35.0000317,130.027218,next to,next to,located behind,located ahead of,located behind,located ahead of
+2026-02-05T22:39:56Z,T72,35,130.017999,BTR80,35.0000541,130.017999,K2BlackPanther,35.0000317,130.027218,next to,next to,located behind,located ahead of,located behind,located ahead of
+2026-02-05T22:39:57Z,T72,35,130.0180868,BTR80,35.0000541,130.0180868,K2BlackPanther,35.0000317,130.027218,next to,next to,located behind,located ahead of,located behind,located ahead of
+2026-02-05T22:39:58Z,T72,35,130.0181746,BTR80,35.0000541,130.0181746,K2BlackPanther,35.0000317,130.027218,next to,next to,located behind,located ahead of,located behind,located ahead of
+2026-02-05T22:39:59Z,T72,35,130.0182624,BTR80,35.0000541,130.0182624,K2BlackPanther,35.0000317,130.027218,next to,next to,located behind,located ahead of,located behind,located ahead of
+2026-02-05T22:40:00Z,T72,35,130.0183502,BTR80,35.0000541,130.0183502,K2BlackPanther,35.0000317,130.027218,next to,next to,located behind,located ahead of,located behind,located ahead of
+2026-02-05T22:40:01Z,T72,35,130.018438,BTR80,35.0000541,130.018438,K2BlackPanther,35.0000317,130.027218,next to,next to,located behind,located ahead of,located behind,located ahead of
+2026-02-05T22:40:02Z,T72,35,130.0185258,BTR80,35.0000541,130.0185258,K2BlackPanther,35.0000317,130.027218,next to,next to,located behind,located ahead of,located behind,located ahead of
+2026-02-05T22:40:03Z,T72,35,130.0186136,BTR80,35.0000541,130.0186136,K2BlackPanther,35.0000317,130.027218,next to,next to,located behind,located ahead of,located behind,located ahead of
+2026-02-05T22:40:04Z,T72,35,130.0187014,BTR80,35.0000541,130.0187014,K2BlackPanther,35.0000317,130.027218,next to,next to,located behind,located ahead of,located behind,located ahead of
+2026-02-05T22:40:05Z,T72,35,130.0187892,BTR80,35.0000541,130.0187892,K2BlackPanther,35.0000317,130.027218,next to,next to,located behind,located ahead of,located behind,located ahead of
+2026-02-05T22:40:06Z,T72,35,130.018877,BTR80,35.0000541,130.018877,K2BlackPanther,35.0000317,130.027218,next to,next to,located behind,located ahead of,located behind,located ahead of
+2026-02-05T22:40:07Z,T72,35,130.0189648,BTR80,35.0000541,130.0189648,K2BlackPanther,35.0000317,130.027218,next to,next to,located behind,located ahead of,located behind,located ahead of
+2026-02-05T22:40:08Z,T72,35,130.0190526,BTR80,35.0000541,130.0190526,K2BlackPanther,35.0000317,130.027218,next to,next to,located behind,located ahead of,located behind,located ahead of
+2026-02-05T22:40:09Z,T72,35,130.0191404,BTR80,35.0000541,130.0191404,K2BlackPanther,35.0000317,130.027218,next to,next to,located behind,located ahead of,located behind,located ahead of
+2026-02-05T22:40:10Z,T72,35,130.0192282,BTR80,35.0000541,130.0192282,K2BlackPanther,35.0000317,130.027218,next to,next to,located behind,located ahead of,located behind,located ahead of
+2026-02-05T22:40:11Z,T72,35,130.019316,BTR80,35.0000541,130.019316,K2BlackPanther,35.0000317,130.027218,next to,next to,located behind,located ahead of,located behind,located ahead of
+2026-02-05T22:40:12Z,T72,35,130.0194038,BTR80,35.0000541,130.0194038,K2BlackPanther,35.0000317,130.027218,next to,next to,located behind,located ahead of,located behind,located ahead of
+2026-02-05T22:40:13Z,T72,35,130.0194916,BTR80,35.0000541,130.0194916,K2BlackPanther,35.0000317,130.027218,next to,next to,located behind,located ahead of,located behind,located ahead of
+2026-02-05T22:40:14Z,T72,35,130.0195794,BTR80,35.0000541,130.0195794,K2BlackPanther,35.0000317,130.027218,next to,next to,located behind,located ahead of,located behind,located ahead of
+2026-02-05T22:40:15Z,T72,35,130.0196672,BTR80,35.0000541,130.0196672,K2BlackPanther,35.0000317,130.027218,next to,next to,located behind,located ahead of,located behind,located ahead of
+2026-02-05T22:40:16Z,T72,35,130.019755,BTR80,35.0000541,130.019755,K2BlackPanther,35.0000317,130.027218,next to,next to,located behind,located ahead of,located behind,located ahead of
+2026-02-05T22:40:17Z,T72,35,130.0198428,BTR80,35.0000541,130.0198428,K2BlackPanther,35.0000317,130.027218,next to,next to,located behind,located ahead of,located behind,located ahead of
+2026-02-05T22:40:18Z,T72,35,130.0199306,BTR80,35.0000541,130.0199306,K2BlackPanther,35.0000317,130.027218,next to,next to,located behind,located ahead of,located behind,located ahead of
+2026-02-05T22:40:19Z,T72,35,130.0200184,BTR80,35.0000541,130.0200184,K2BlackPanther,35.0000317,130.027218,next to,next to,located behind,located ahead of,located behind,located ahead of
+2026-02-05T22:40:20Z,T72,35,130.0201062,BTR80,35.0000541,130.0201062,K2BlackPanther,35.0000317,130.027218,next to,next to,located behind,located ahead of,located behind,located ahead of
+2026-02-05T22:40:21Z,T72,35,130.020194,BTR80,35.0000541,130.020194,K2BlackPanther,35.0000317,130.027218,next to,next to,located behind,located ahead of,located behind,located ahead of
+2026-02-05T22:40:22Z,T72,35,130.0202818,BTR80,35.0000541,130.0202818,K2BlackPanther,35.0000317,130.027218,next to,next to,located behind,located ahead of,located behind,located ahead of
+2026-02-05T22:40:23Z,T72,35,130.0203696,BTR80,35.0000541,130.0203696,K2BlackPanther,35.0000317,130.027218,next to,next to,located behind,located ahead of,located behind,located ahead of
+2026-02-05T22:40:24Z,T72,35,130.0204574,BTR80,35.0000541,130.0204574,K2BlackPanther,35.0000317,130.027218,next to,next to,located behind,located ahead of,located behind,located ahead of
+2026-02-05T22:40:25Z,T72,35,130.0205452,BTR80,35.0000541,130.0205452,K2BlackPanther,35.0000317,130.027218,next to,next to,located behind,located ahead of,located behind,located ahead of
+2026-02-05T22:40:26Z,T72,35,130.020633,BTR80,35.0000541,130.020633,K2BlackPanther,35.0000317,130.027218,next to,next to,located behind,located ahead of,located behind,located ahead of
+2026-02-05T22:40:27Z,T72,35,130.0207208,BTR80,35.0000541,130.0207208,K2BlackPanther,35.0000317,130.027218,next to,next to,located behind,located ahead of,located behind,located ahead of
+2026-02-05T22:40:28Z,T72,35,130.0208086,BTR80,35.0000541,130.0208086,K2BlackPanther,35.0000317,130.027218,next to,next to,located behind,located ahead of,located behind,located ahead of
+2026-02-05T22:40:29Z,T72,35,130.0208964,BTR80,35.0000541,130.0208964,K2BlackPanther,35.0000317,130.027218,next to,next to,located behind,located ahead of,located behind,located ahead of
+2026-02-05T22:40:30Z,T72,35,130.0209842,BTR80,35.0000541,130.0209842,K2BlackPanther,35.0000317,130.027218,next to,next to,located behind,located ahead of,located behind,located ahead of
+2026-02-05T22:40:31Z,T72,35,130.021072,BTR80,35.0000541,130.021072,K2BlackPanther,35.0000317,130.027218,next to,next to,located behind,located ahead of,located behind,located ahead of
+2026-02-05T22:40:32Z,T72,35,130.0211598,BTR80,35.0000541,130.0211598,K2BlackPanther,35.0000317,130.027218,next to,next to,located behind,located ahead of,located behind,located ahead of
+2026-02-05T22:40:33Z,T72,35,130.0212476,BTR80,35.0000541,130.0212476,K2BlackPanther,35.0000317,130.027218,next to,next to,located behind,located ahead of,located behind,located ahead of
+2026-02-05T22:40:34Z,T72,35,130.0213354,BTR80,35.0000541,130.0213354,K2BlackPanther,35.0000317,130.027218,next to,next to,located behind,located ahead of,located behind,located ahead of
+2026-02-05T22:40:35Z,T72,35,130.0214232,BTR80,35.0000541,130.0214232,K2BlackPanther,35.0000317,130.027218,next to,next to,located behind,located ahead of,located behind,located ahead of
+2026-02-05T22:40:36Z,T72,35,130.021511,BTR80,35.0000541,130.021511,K2BlackPanther,35.0000317,130.027218,next to,next to,located behind,located ahead of,located behind,located ahead of
+2026-02-05T22:40:37Z,T72,35,130.0215988,BTR80,35.0000541,130.0215988,K2BlackPanther,35.0000317,130.027218,next to,next to,located behind,located ahead of,located behind,located ahead of
+2026-02-05T22:40:38Z,T72,35,130.0216866,BTR80,35.0000541,130.0216866,K2BlackPanther,35.0000317,130.027218,next to,next to,located behind,located ahead of,located behind,located ahead of
+2026-02-05T22:40:39Z,T72,35,130.0217744,BTR80,35.0000541,130.0217744,K2BlackPanther,35.0000317,130.027218,next to,next to,located behind,located ahead of,located behind,located ahead of
+2026-02-05T22:40:40Z,T72,35,130.0218622,BTR80,35.0000541,130.0218622,K2BlackPanther,35.0000317,130.027218,next to,next to,located behind,located ahead of,located behind,located ahead of
+2026-02-05T22:40:41Z,T72,35,130.02195,BTR80,35.0000541,130.02195,K2BlackPanther,35.0000317,130.027218,next to,next to,located behind,located ahead of,located behind,located ahead of
+2026-02-05T22:40:42Z,T72,35,130.0220378,BTR80,35.0000541,130.0220378,K2BlackPanther,35.0000317,130.027218,next to,next to,located behind,located ahead of,located behind,located ahead of
+2026-02-05T22:40:43Z,T72,35,130.0221256,BTR80,35.0000541,130.0221256,K2BlackPanther,35.0000317,130.027218,next to,next to,located behind,located ahead of,located behind,located ahead of
+2026-02-05T22:40:44Z,T72,35,130.0222134,BTR80,35.0000541,130.0222134,K2BlackPanther,35.0000317,130.027218,next to,next to,located behind,located ahead of,located behind,located ahead of
+2026-02-05T22:40:45Z,T72,35,130.0223012,BTR80,35.0000541,130.0223012,K2BlackPanther,35.0000317,130.027218,next to,next to,located behind,located ahead of,located behind,located ahead of
+2026-02-05T22:40:46Z,T72,35,130.022389,BTR80,35.0000541,130.022389,K2BlackPanther,35.0000317,130.027218,next to,next to,located behind,located ahead of,located behind,located ahead of
+2026-02-05T22:40:47Z,T72,35,130.0224768,BTR80,35.0000541,130.0224768,K2BlackPanther,35.0000317,130.027218,next to,next to,located behind,located ahead of,located behind,located ahead of
+2026-02-05T22:40:48Z,T72,35,130.0225646,BTR80,35.0000541,130.0225646,K2BlackPanther,35.0000317,130.027218,next to,next to,located behind,located ahead of,located behind,located ahead of
+2026-02-05T22:40:49Z,T72,35,130.0226524,BTR80,35.0000541,130.0226524,K2BlackPanther,35.0000317,130.027218,next to,next to,located behind,located ahead of,located behind,located ahead of
+2026-02-05T22:40:50Z,T72,35,130.0227402,BTR80,35.0000541,130.0227402,K2BlackPanther,35.0000317,130.027218,next to,next to,located behind,located ahead of,located behind,located ahead of
+2026-02-05T22:40:51Z,T72,35,130.022828,BTR80,35.0000541,130.022828,K2BlackPanther,35.0000317,130.027218,next to,next to,located behind,located ahead of,located behind,located ahead of
+2026-02-05T22:40:52Z,T72,35,130.0229158,BTR80,35.0000541,130.0229158,K2BlackPanther,35.0000317,130.027218,next to,next to,located behind,located ahead of,located behind,located ahead of
+2026-02-05T22:40:53Z,T72,35,130.0230036,BTR80,35.0000541,130.0230036,K2BlackPanther,35.0000317,130.027218,next to,next to,located behind,located ahead of,located behind,located ahead of
+2026-02-05T22:40:54Z,T72,35,130.0230914,BTR80,35.0000541,130.0230914,K2BlackPanther,35.0000317,130.027218,next to,next to,located behind,located ahead of,located behind,located ahead of
+2026-02-05T22:40:55Z,T72,35,130.0231792,BTR80,35.0000541,130.0231792,K2BlackPanther,35.0000317,130.027218,next to,next to,located behind,located ahead of,located behind,located ahead of
+2026-02-05T22:40:56Z,T72,35,130.023267,BTR80,35.0000541,130.023267,K2BlackPanther,35.0000317,130.027218,next to,next to,located behind,located ahead of,located behind,located ahead of
+2026-02-05T22:40:57Z,T72,35,130.0233548,BTR80,35.0000541,130.0233548,K2BlackPanther,35.0000317,130.027218,next to,next to,located behind,located ahead of,located behind,located ahead of
+2026-02-05T22:40:58Z,T72,35,130.0234426,BTR80,35.0000541,130.0234426,K2BlackPanther,35.0000317,130.027218,next to,next to,located behind,located ahead of,located behind,located ahead of
+2026-02-05T22:40:59Z,T72,35,130.0235304,BTR80,35.0000541,130.0235304,K2BlackPanther,35.0000317,130.027218,next to,next to,located behind,located ahead of,located behind,located ahead of
+2026-02-05T22:41:00Z,T72,35,130.0236182,BTR80,35.0000541,130.0236182,K2BlackPanther,35.0000317,130.027218,next to,next to,located behind,located ahead of,located behind,located ahead of
+2026-02-05T22:41:01Z,T72,35,130.023706,BTR80,35.0000541,130.023706,K2BlackPanther,35.0000317,130.027218,next to,next to,located behind,located ahead of,located behind,located ahead of
+2026-02-05T22:41:02Z,T72,35,130.0237938,BTR80,35.0000541,130.0237938,K2BlackPanther,35.0000317,130.027218,next to,next to,located behind,located ahead of,located behind,located ahead of
+2026-02-05T22:41:03Z,T72,35,130.0238816,BTR80,35.0000541,130.0238816,K2BlackPanther,35.0000317,130.027218,next to,next to,located behind,located ahead of,located behind,located ahead of
+2026-02-05T22:41:04Z,T72,35,130.0239694,BTR80,35.0000541,130.0239694,K2BlackPanther,35.0000317,130.027218,next to,next to,located behind,located ahead of,located behind,located ahead of
+2026-02-05T22:41:05Z,T72,35,130.0240572,BTR80,35.0000541,130.0240572,K2BlackPanther,35.0000317,130.027218,next to,next to,located behind,located ahead of,located behind,located ahead of
+2026-02-05T22:41:06Z,T72,35,130.024145,BTR80,35.0000541,130.024145,K2BlackPanther,35.0000317,130.027218,next to,next to,located behind,located ahead of,located behind,located ahead of
+2026-02-05T22:41:07Z,T72,35,130.0242328,BTR80,35.0000541,130.0242328,K2BlackPanther,35.0000317,130.027218,next to,next to,located behind,located ahead of,located behind,located ahead of
+2026-02-05T22:41:08Z,T72,35,130.0243206,BTR80,35.0000541,130.0243206,K2BlackPanther,35.0000317,130.027218,next to,next to,located behind,located ahead of,located behind,located ahead of
+2026-02-05T22:41:09Z,T72,35,130.0244084,BTR80,35.0000541,130.0244084,K2BlackPanther,35.0000317,130.027218,next to,next to,located behind,located ahead of,located behind,located ahead of
+2026-02-05T22:41:10Z,T72,35,130.0244962,BTR80,35.0000541,130.0244962,K2BlackPanther,35.0000317,130.027218,next to,next to,located behind,located ahead of,located behind,located ahead of
+2026-02-05T22:41:11Z,T72,35,130.024584,BTR80,35.0000541,130.024584,K2BlackPanther,35.0000317,130.027218,next to,next to,located behind,located ahead of,located behind,located ahead of
+2026-02-05T22:41:12Z,T72,35,130.0246718,BTR80,35.0000541,130.0246718,K2BlackPanther,35.0000317,130.027218,next to,next to,located behind,located ahead of,located behind,located ahead of
+2026-02-05T22:41:13Z,T72,35,130.0247596,BTR80,35.0000541,130.0247596,K2BlackPanther,35.0000317,130.027218,next to,next to,located behind,located ahead of,located behind,located ahead of
+2026-02-05T22:41:14Z,T72,35,130.0248474,BTR80,35.0000541,130.0248474,K2BlackPanther,35.0000317,130.027218,next to,next to,located behind,located ahead of,located behind,located ahead of
+2026-02-05T22:41:15Z,T72,35,130.0249352,BTR80,35.0000541,130.0249352,K2BlackPanther,35.0000317,130.027218,next to,next to,located behind,located ahead of,located behind,located ahead of
+2026-02-05T22:41:16Z,T72,35,130.025023,BTR80,35.0000541,130.025023,K2BlackPanther,35.0000317,130.027218,next to,next to,located behind,located ahead of,located behind,located ahead of
+2026-02-05T22:41:17Z,T72,35,130.0251108,BTR80,35.0000541,130.0251108,K2BlackPanther,35.0000317,130.027218,next to,next to,located behind,located ahead of,located behind,located ahead of
+2026-02-05T22:41:18Z,T72,35,130.0251986,BTR80,35.0000541,130.0251986,K2BlackPanther,35.0000317,130.027218,next to,next to,located behind,located ahead of,located behind,located ahead of
+2026-02-05T22:41:19Z,T72,35,130.0252864,BTR80,35.0000541,130.0252864,K2BlackPanther,35.0000317,130.027218,next to,next to,located behind,located ahead of,located behind,located ahead of
+2026-02-05T22:41:20Z,T72,35,130.0253742,BTR80,35.0000541,130.0253742,K2BlackPanther,35.0000317,130.027218,next to,next to,located behind,located ahead of,located behind,located ahead of
+2026-02-05T22:41:21Z,T72,35,130.025462,BTR80,35.0000541,130.025462,K2BlackPanther,35.0000317,130.027218,next to,next to,located behind,located ahead of,located behind,located ahead of
+2026-02-05T22:41:22Z,T72,35,130.0255498,BTR80,35.0000541,130.0255498,K2BlackPanther,35.0000317,130.027218,next to,next to,located behind,located ahead of,located behind,located ahead of
+2026-02-05T22:41:23Z,T72,35,130.0256376,BTR80,35.0000541,130.0256376,K2BlackPanther,35.0000317,130.027218,next to,next to,located behind,located ahead of,located behind,located ahead of
+2026-02-05T22:41:24Z,T72,35,130.0257254,BTR80,35.0000541,130.0257254,K2BlackPanther,35.0000317,130.027218,next to,next to,located behind,located ahead of,located behind,located ahead of
+2026-02-05T22:41:25Z,T72,35,130.0258132,BTR80,35.0000541,130.0258132,K2BlackPanther,35.0000317,130.027218,next to,next to,located behind,located ahead of,located behind,located ahead of
+2026-02-05T22:41:26Z,T72,35,130.025901,BTR80,35.0000541,130.025901,K2BlackPanther,35.0000317,130.027218,next to,next to,located behind,located ahead of,located behind,located ahead of
+2026-02-05T22:41:27Z,T72,35,130.0259888,BTR80,35.0000541,130.0259888,K2BlackPanther,35.0000317,130.027218,next to,next to,located behind,located ahead of,located behind,located ahead of
+2026-02-05T22:41:28Z,T72,35,130.0260766,BTR80,35.0000541,130.0260766,K2BlackPanther,35.0000317,130.027218,next to,next to,located behind,located ahead of,located behind,located ahead of
+2026-02-05T22:41:29Z,T72,35,130.0261644,BTR80,35.0000541,130.0261644,K2BlackPanther,35.0000317,130.027218,next to,next to,located behind,located ahead of,located behind,located ahead of
+2026-02-05T22:41:30Z,T72,35,130.0262522,BTR80,35.0000541,130.0262522,K2BlackPanther,35.0000317,130.027218,next to,next to,located behind,located ahead of,located behind,located ahead of
+2026-02-05T22:41:31Z,T72,35,130.02634,BTR80,35.0000541,130.02634,K2BlackPanther,35.0000317,130.027218,next to,next to,located behind,located ahead of,located behind,located ahead of
+2026-02-05T22:41:32Z,T72,35,130.0264278,BTR80,35.0000541,130.0264278,K2BlackPanther,35.0000317,130.027218,next to,next to,located behind,located ahead of,located behind,located ahead of
+2026-02-05T22:41:33Z,T72,35,130.0265156,BTR80,35.0000541,130.0265156,K2BlackPanther,35.0000317,130.027218,next to,next to,located behind,located ahead of,located behind,located ahead of
+2026-02-05T22:41:34Z,T72,35,130.0266034,BTR80,35.0000541,130.0266034,K2BlackPanther,35.0000317,130.027218,next to,next to,located behind,located ahead of,located behind,located ahead of
+2026-02-05T22:41:35Z,T72,35,130.0266912,BTR80,35.0000541,130.0266912,K2BlackPanther,35.0000317,130.027218,next to,next to,located behind,located ahead of,located behind,located ahead of
+2026-02-05T22:41:36Z,T72,35,130.026779,BTR80,35.0000541,130.026779,K2BlackPanther,35.0000317,130.027218,next to,next to,located behind,located ahead of,located behind,located ahead of
+2026-02-05T22:41:37Z,T72,35,130.0268668,BTR80,35.0000541,130.0268668,K2BlackPanther,35.0000317,130.027218,next to,next to,located behind,located ahead of,located behind,located ahead of
+2026-02-05T22:41:38Z,T72,35,130.0269546,BTR80,35.0000541,130.0269546,K2BlackPanther,35.0000317,130.027218,next to,next to,located behind,located ahead of,located behind,located ahead of
+2026-02-05T22:41:39Z,T72,35,130.0270424,BTR80,35.0000541,130.0270424,K2BlackPanther,35.0000317,130.027218,next to,next to,located behind,located ahead of,located behind,located ahead of
+2026-02-05T22:41:40Z,T72,35,130.0271302,BTR80,35.0000541,130.0271302,K2BlackPanther,35.0000317,130.027218,next to,next to,located behind,located ahead of,located behind,located ahead of
+2026-02-05T22:41:41Z,T72,35,130.027218,BTR80,35.0000541,130.027218,K2BlackPanther,35.0000317,130.027218,next to,next to,next to,next to,next to,next to
+2026-02-05T22:41:42Z,T72,35,130.0273058,BTR80,35.0000541,130.0273058,K2BlackPanther,35.0000317,130.027218,next to,next to,located ahead of,located behind,located ahead of,located behind
+2026-02-05T22:41:43Z,T72,35,130.0273936,BTR80,35.0000541,130.0273936,K2BlackPanther,35.0000317,130.027218,next to,next to,located ahead of,located behind,located ahead of,located behind
+2026-02-05T22:41:44Z,T72,35,130.0274814,BTR80,35.0000541,130.0274814,K2BlackPanther,35.0000317,130.027218,next to,next to,located ahead of,located behind,located ahead of,located behind
+2026-02-05T22:41:45Z,T72,35,130.0275692,BTR80,35.0000541,130.0275692,K2BlackPanther,35.0000317,130.027218,next to,next to,located ahead of,located behind,located ahead of,located behind
+2026-02-05T22:41:46Z,T72,35,130.027657,BTR80,35.0000541,130.027657,K2BlackPanther,35.0000317,130.027218,next to,next to,located ahead of,located behind,located ahead of,located behind
+2026-02-05T22:41:47Z,T72,35,130.0277448,BTR80,35.0000541,130.0277448,K2BlackPanther,35.0000317,130.027218,next to,next to,located ahead of,located behind,located ahead of,located behind
+2026-02-05T22:41:48Z,T72,35,130.0278326,BTR80,35.0000541,130.0278326,K2BlackPanther,35.0000317,130.027218,next to,next to,located ahead of,located behind,located ahead of,located behind
+2026-02-05T22:41:49Z,T72,35,130.0279204,BTR80,35.0000541,130.0279204,K2BlackPanther,35.0000317,130.027218,next to,next to,located ahead of,located behind,located ahead of,located behind
+2026-02-05T22:41:50Z,T72,35,130.0280082,BTR80,35.0000541,130.0280082,K2BlackPanther,35.0000317,130.027218,next to,next to,located ahead of,located behind,located ahead of,located behind
+2026-02-05T22:41:51Z,T72,35,130.028096,BTR80,35.0000541,130.028096,K2BlackPanther,35.0000317,130.027218,next to,next to,located ahead of,located behind,located ahead of,located behind
+2026-02-05T22:41:52Z,T72,35,130.0281838,BTR80,35.0000541,130.0281838,K2BlackPanther,35.0000317,130.027218,next to,next to,located ahead of,located behind,located ahead of,located behind
+2026-02-05T22:41:53Z,T72,35,130.0282716,BTR80,35.0000541,130.0282716,K2BlackPanther,35.0000317,130.027218,next to,next to,located ahead of,located behind,located ahead of,located behind
+2026-02-05T22:41:54Z,T72,35,130.0283594,BTR80,35.0000541,130.0283594,K2BlackPanther,35.0000317,130.027218,next to,next to,located ahead of,located behind,located ahead of,located behind
+2026-02-05T22:41:55Z,T72,35,130.0284472,BTR80,35.0000541,130.0284472,K2BlackPanther,35.0000317,130.027218,next to,next to,located ahead of,located behind,located ahead of,located behind
+2026-02-05T22:41:56Z,T72,35,130.028535,BTR80,35.0000541,130.028535,K2BlackPanther,35.0000317,130.027218,next to,next to,located ahead of,located behind,located ahead of,located behind
+2026-02-05T22:41:57Z,T72,35,130.0286228,BTR80,35.0000541,130.0286228,K2BlackPanther,35.0000317,130.027218,next to,next to,located ahead of,located behind,located ahead of,located behind
+2026-02-05T22:41:58Z,T72,35,130.0287106,BTR80,35.0000541,130.0287106,K2BlackPanther,35.0000317,130.027218,next to,next to,located ahead of,located behind,located ahead of,located behind
+2026-02-05T22:41:59Z,T72,35,130.0287984,BTR80,35.0000541,130.0287984,K2BlackPanther,35.0000317,130.027218,next to,next to,located ahead of,located behind,located ahead of,located behind
+2026-02-05T22:42:00Z,T72,35,130.0288862,BTR80,35.0000541,130.0288862,K2BlackPanther,35.0000317,130.027218,next to,next to,located ahead of,located behind,located ahead of,located behind
+2026-02-05T22:42:01Z,T72,35,130.028974,BTR80,35.0000541,130.028974,K2BlackPanther,35.0000317,130.027218,next to,next to,located ahead of,located behind,located ahead of,located behind
+2026-02-05T22:42:02Z,T72,35,130.0290618,BTR80,35.0000541,130.0290618,K2BlackPanther,35.0000317,130.027218,next to,next to,located ahead of,located behind,located ahead of,located behind
+2026-02-05T22:42:03Z,T72,35,130.0291496,BTR80,35.0000541,130.0291496,K2BlackPanther,35.0000317,130.027218,next to,next to,located ahead of,located behind,located ahead of,located behind
+2026-02-05T22:42:04Z,T72,35,130.0292374,BTR80,35.0000541,130.0292374,K2BlackPanther,35.0000317,130.027218,next to,next to,located ahead of,located behind,located ahead of,located behind
+2026-02-05T22:42:05Z,T72,35,130.0293252,BTR80,35.0000541,130.0293252,K2BlackPanther,35.0000317,130.027218,next to,next to,located ahead of,located behind,located ahead of,located behind
+2026-02-05T22:42:06Z,T72,35,130.029413,BTR80,35.0000541,130.029413,K2BlackPanther,35.0000317,130.027218,next to,next to,located ahead of,located behind,located ahead of,located behind
+2026-02-05T22:42:07Z,T72,35,130.0295008,BTR80,35.0000541,130.0295008,K2BlackPanther,35.0000317,130.027218,next to,next to,located ahead of,located behind,located ahead of,located behind
+2026-02-05T22:42:08Z,T72,35,130.0295886,BTR80,35.0000541,130.0295886,K2BlackPanther,35.0000317,130.027218,next to,next to,located ahead of,located behind,located ahead of,located behind
+2026-02-05T22:42:09Z,T72,35,130.0296764,BTR80,35.0000541,130.0296764,K2BlackPanther,35.0000317,130.027218,next to,next to,located ahead of,located behind,located ahead of,located behind
+2026-02-05T22:42:10Z,T72,35,130.0297642,BTR80,35.0000541,130.0297642,K2BlackPanther,35.0000317,130.027218,next to,next to,located ahead of,located behind,located ahead of,located behind
+2026-02-05T22:42:11Z,T72,35,130.029852,BTR80,35.0000541,130.029852,K2BlackPanther,35.0000317,130.027218,next to,next to,located ahead of,located behind,located ahead of,located behind
+2026-02-05T22:42:12Z,T72,35,130.0299398,BTR80,35.0000541,130.0299398,K2BlackPanther,35.0000317,130.027218,next to,next to,located ahead of,located behind,located ahead of,located behind
+2026-02-05T22:42:13Z,T72,35,130.0300276,BTR80,35.0000541,130.0300276,K2BlackPanther,35.0000317,130.027218,next to,next to,located ahead of,located behind,located ahead of,located behind
+2026-02-05T22:42:14Z,T72,35,130.0301154,BTR80,35.0000541,130.0301154,K2BlackPanther,35.0000317,130.027218,next to,next to,located ahead of,located behind,located ahead of,located behind
+2026-02-05T22:42:15Z,T72,35,130.0302032,BTR80,35.0000541,130.0302032,K2BlackPanther,35.0000317,130.027218,next to,next to,located ahead of,located behind,located ahead of,located behind
+2026-02-05T22:42:16Z,T72,35,130.030291,BTR80,35.0000541,130.030291,K2BlackPanther,35.0000317,130.027218,next to,next to,located ahead of,located behind,located ahead of,located behind
+2026-02-05T22:42:17Z,T72,35,130.0303788,BTR80,35.0000541,130.0303788,K2BlackPanther,35.0000317,130.027218,next to,next to,located ahead of,located behind,located ahead of,located behind
+2026-02-05T22:42:18Z,T72,35,130.0304666,BTR80,35.0000541,130.0304666,K2BlackPanther,35.0000317,130.027218,next to,next to,located ahead of,located behind,located ahead of,located behind
+2026-02-05T22:42:19Z,T72,35,130.0305544,BTR80,35.0000541,130.0305544,K2BlackPanther,35.0000317,130.027218,next to,next to,located ahead of,located behind,located ahead of,located behind
+2026-02-05T22:42:20Z,T72,35,130.0306422,BTR80,35.0000541,130.0306422,K2BlackPanther,35.0000317,130.027218,next to,next to,located ahead of,located behind,located ahead of,located behind
+2026-02-05T22:42:21Z,T72,35,130.03073,BTR80,35.0000541,130.03073,K2BlackPanther,35.0000317,130.027218,next to,next to,located ahead of,located behind,located ahead of,located behind
+2026-02-05T22:42:22Z,T72,35,130.0308178,BTR80,35.0000541,130.0308178,K2BlackPanther,35.0000317,130.027218,next to,next to,located ahead of,located behind,located ahead of,located behind
+2026-02-05T22:42:23Z,T72,35,130.0309056,BTR80,35.0000541,130.0309056,K2BlackPanther,35.0000317,130.027218,next to,next to,located ahead of,located behind,located ahead of,located behind
+2026-02-05T22:42:24Z,T72,35,130.0309934,BTR80,35.0000541,130.0309934,K2BlackPanther,35.0000317,130.027218,next to,next to,located ahead of,located behind,located ahead of,located behind
+2026-02-05T22:42:25Z,T72,35,130.0310812,BTR80,35.0000541,130.0310812,K2BlackPanther,35.0000317,130.027218,next to,next to,located ahead of,located behind,located ahead of,located behind
+2026-02-05T22:42:26Z,T72,35,130.031169,BTR80,35.0000541,130.031169,K2BlackPanther,35.0000317,130.027218,next to,next to,located ahead of,located behind,located ahead of,located behind
+2026-02-05T22:42:27Z,T72,35,130.0312568,BTR80,35.0000541,130.0312568,K2BlackPanther,35.0000317,130.027218,next to,next to,located ahead of,located behind,located ahead of,located behind
+2026-02-05T22:42:28Z,T72,35,130.0313446,BTR80,35.0000541,130.0313446,K2BlackPanther,35.0000317,130.027218,next to,next to,located ahead of,located behind,located ahead of,located behind
+2026-02-05T22:42:29Z,T72,35,130.0314324,BTR80,35.0000541,130.0314324,K2BlackPanther,35.0000317,130.027218,next to,next to,located ahead of,located behind,located ahead of,located behind
+2026-02-05T22:42:30Z,T72,35,130.0315202,BTR80,35.0000541,130.0315202,K2BlackPanther,35.0000317,130.027218,next to,next to,located ahead of,located behind,located ahead of,located behind
+2026-02-05T22:42:31Z,T72,35,130.031608,BTR80,35.0000541,130.031608,K2BlackPanther,35.0000317,130.027218,next to,next to,located ahead of,located behind,located ahead of,located behind
+2026-02-05T22:42:32Z,T72,35,130.0316958,BTR80,35.0000541,130.0316958,K2BlackPanther,35.0000317,130.027218,next to,next to,located ahead of,located behind,located ahead of,located behind
+2026-02-05T22:42:33Z,T72,35,130.0317836,BTR80,35.0000541,130.0317836,K2BlackPanther,35.0000317,130.027218,next to,next to,located ahead of,located behind,located ahead of,located behind
+2026-02-05T22:42:34Z,T72,35,130.0318714,BTR80,35.0000541,130.0318714,K2BlackPanther,35.0000317,130.027218,next to,next to,located ahead of,located behind,located ahead of,located behind
+2026-02-05T22:42:35Z,T72,35,130.0319592,BTR80,35.0000541,130.0319592,K2BlackPanther,35.0000317,130.027218,next to,next to,located ahead of,located behind,located ahead of,located behind
+2026-02-05T22:42:36Z,T72,35,130.032047,BTR80,35.0000541,130.032047,K2BlackPanther,35.0000317,130.027218,next to,next to,located ahead of,located behind,located ahead of,located behind
+2026-02-05T22:42:37Z,T72,35,130.0321348,BTR80,35.0000541,130.0321348,K2BlackPanther,35.0000317,130.027218,next to,next to,located ahead of,located behind,located ahead of,located behind
+2026-02-05T22:42:38Z,T72,35,130.0322226,BTR80,35.0000541,130.0322226,K2BlackPanther,35.0000317,130.027218,next to,next to,located ahead of,located behind,located ahead of,located behind
+2026-02-05T22:42:39Z,T72,35,130.0323104,BTR80,35.0000541,130.0323104,K2BlackPanther,35.0000317,130.027218,next to,next to,located ahead of,located behind,located ahead of,located behind
+2026-02-05T22:42:40Z,T72,35,130.0323982,BTR80,35.0000541,130.0323982,K2BlackPanther,35.0000317,130.027218,next to,next to,located ahead of,located behind,located ahead of,located behind
+2026-02-05T22:42:41Z,T72,35,130.032486,BTR80,35.0000541,130.032486,K2BlackPanther,35.0000317,130.027218,next to,next to,located ahead of,located behind,located ahead of,located behind
+2026-02-05T22:42:42Z,T72,35,130.0325738,BTR80,35.0000541,130.0325738,K2BlackPanther,35.0000317,130.027218,next to,next to,located ahead of,located behind,located ahead of,located behind
+2026-02-05T22:42:43Z,T72,35,130.0326616,BTR80,35.0000541,130.0326616,K2BlackPanther,35.0000317,130.027218,next to,next to,located ahead of,located behind,located ahead of,located behind
+2026-02-05T22:42:44Z,T72,35,130.0327494,BTR80,35.0000541,130.0327494,K2BlackPanther,35.0000317,130.027218,next to,next to,located ahead of,located behind,located ahead of,located behind
+2026-02-05T22:42:45Z,T72,35,130.0328372,BTR80,35.0000541,130.0328372,K2BlackPanther,35.0000317,130.027218,next to,next to,located ahead of,located behind,located ahead of,located behind
+2026-02-05T22:42:46Z,T72,35,130.032925,BTR80,35.0000541,130.032925,K2BlackPanther,35.0000317,130.027218,next to,next to,located ahead of,located behind,located ahead of,located behind
+2026-02-05T22:42:47Z,T72,35,130.0330128,BTR80,35.0000541,130.0330128,K2BlackPanther,35.0000317,130.027218,next to,next to,located ahead of,located behind,located ahead of,located behind
+2026-02-05T22:42:48Z,T72,35,130.0331006,BTR80,35.0000541,130.0331006,K2BlackPanther,35.0000317,130.027218,next to,next to,located ahead of,located behind,located ahead of,located behind
+2026-02-05T22:42:49Z,T72,35,130.0331884,BTR80,35.0000541,130.0331884,K2BlackPanther,35.0000317,130.027218,next to,next to,located ahead of,located behind,located ahead of,located behind
+2026-02-05T22:42:50Z,T72,35,130.0332762,BTR80,35.0000541,130.0332762,K2BlackPanther,35.0000317,130.027218,next to,next to,located ahead of,located behind,located ahead of,located behind
+2026-02-05T22:42:51Z,T72,35,130.033364,BTR80,35.0000541,130.033364,K2BlackPanther,35.0000317,130.027218,next to,next to,located ahead of,located behind,located ahead of,located behind
+2026-02-05T22:42:52Z,T72,35,130.0334518,BTR80,35.0000541,130.0334518,K2BlackPanther,35.0000317,130.027218,next to,next to,located ahead of,located behind,located ahead of,located behind
+2026-02-05T22:42:53Z,T72,35,130.0335396,BTR80,35.0000541,130.0335396,K2BlackPanther,35.0000317,130.027218,next to,next to,located ahead of,located behind,located ahead of,located behind
+2026-02-05T22:42:54Z,T72,35,130.0336274,BTR80,35.0000541,130.0336274,K2BlackPanther,35.0000317,130.027218,next to,next to,located ahead of,located behind,located ahead of,located behind
+2026-02-05T22:42:55Z,T72,35,130.0337152,BTR80,35.0000541,130.0337152,K2BlackPanther,35.0000317,130.027218,next to,next to,located ahead of,located behind,located ahead of,located behind
+2026-02-05T22:42:56Z,T72,35,130.033803,BTR80,35.0000541,130.033803,K2BlackPanther,35.0000317,130.027218,next to,next to,located ahead of,located behind,located ahead of,located behind
+2026-02-05T22:42:57Z,T72,35,130.0338908,BTR80,35.0000541,130.0338908,K2BlackPanther,35.0000317,130.027218,next to,next to,located ahead of,located behind,located ahead of,located behind
+2026-02-05T22:42:58Z,T72,35,130.0339786,BTR80,35.0000541,130.0339786,K2BlackPanther,35.0000317,130.027218,next to,next to,located ahead of,located behind,located ahead of,located behind
+2026-02-05T22:42:59Z,T72,35,130.0340664,BTR80,35.0000541,130.0340664,K2BlackPanther,35.0000317,130.027218,next to,next to,located ahead of,located behind,located ahead of,located behind
+2026-02-05T22:43:00Z,T72,35,130.0341542,BTR80,35.0000541,130.0341542,K2BlackPanther,35.0000317,130.027218,next to,next to,located ahead of,located behind,located ahead of,located behind
+2026-02-05T22:43:01Z,T72,35,130.034242,BTR80,35.0000541,130.034242,K2BlackPanther,35.0000317,130.027218,next to,next to,located ahead of,located behind,located ahead of,located behind
+2026-02-05T22:43:02Z,T72,35,130.0343298,BTR80,35.0000541,130.0343298,K2BlackPanther,35.0000317,130.027218,next to,next to,located ahead of,located behind,located ahead of,located behind
+2026-02-05T22:43:03Z,T72,35,130.0344176,BTR80,35.0000541,130.0344176,K2BlackPanther,35.0000317,130.027218,next to,next to,located ahead of,located behind,located ahead of,located behind
+2026-02-05T22:43:04Z,T72,35,130.0345054,BTR80,35.0000541,130.0345054,K2BlackPanther,35.0000317,130.027218,next to,next to,located ahead of,located behind,located ahead of,located behind
+2026-02-05T22:43:05Z,T72,35,130.0345932,BTR80,35.0000541,130.0345932,K2BlackPanther,35.0000317,130.027218,next to,next to,located ahead of,located behind,located ahead of,located behind
+2026-02-05T22:43:06Z,T72,35,130.034681,BTR80,35.0000541,130.034681,K2BlackPanther,35.0000317,130.027218,next to,next to,located ahead of,located behind,located ahead of,located behind
+2026-02-05T22:43:07Z,T72,35,130.0347688,BTR80,35.0000541,130.0347688,K2BlackPanther,35.0000317,130.027218,next to,next to,located ahead of,located behind,located ahead of,located behind
+2026-02-05T22:43:08Z,T72,35,130.0348566,BTR80,35.0000541,130.0348566,K2BlackPanther,35.0000317,130.027218,next to,next to,located ahead of,located behind,located ahead of,located behind
+2026-02-05T22:43:09Z,T72,35,130.0349444,BTR80,35.0000541,130.0349444,K2BlackPanther,35.0000317,130.027218,next to,next to,located ahead of,located behind,located ahead of,located behind
+2026-02-05T22:43:10Z,T72,35,130.0350322,BTR80,35.0000541,130.0350322,K2BlackPanther,35.0000317,130.027218,next to,next to,located ahead of,located behind,located ahead of,located behind
+2026-02-05T22:43:11Z,T72,35,130.03512,BTR80,35.0000541,130.03512,K2BlackPanther,35.0000317,130.027218,next to,next to,located ahead of,located behind,located ahead of,located behind
+2026-02-05T22:43:12Z,T72,35,130.0352078,BTR80,35.0000541,130.0352078,K2BlackPanther,35.0000317,130.027218,next to,next to,located ahead of,located behind,located ahead of,located behind
+2026-02-05T22:43:13Z,T72,35,130.0352956,BTR80,35.0000541,130.0352956,K2BlackPanther,35.0000317,130.027218,next to,next to,located ahead of,located behind,located ahead of,located behind
+2026-02-05T22:43:14Z,T72,35,130.0353834,BTR80,35.0000541,130.0353834,K2BlackPanther,35.0000317,130.027218,next to,next to,located ahead of,located behind,located ahead of,located behind
+2026-02-05T22:43:15Z,T72,35,130.0354712,BTR80,35.0000541,130.0354712,K2BlackPanther,35.0000317,130.027218,next to,next to,located ahead of,located behind,located ahead of,located behind
+2026-02-05T22:43:16Z,T72,35,130.035559,BTR80,35.0000541,130.035559,K2BlackPanther,35.0000317,130.027218,next to,next to,located ahead of,located behind,located ahead of,located behind
+2026-02-05T22:43:17Z,T72,35,130.0356468,BTR80,35.0000541,130.0356468,K2BlackPanther,35.0000317,130.027218,next to,next to,located ahead of,located behind,located ahead of,located behind
+2026-02-05T22:43:18Z,T72,35,130.0357346,BTR80,35.0000541,130.0357346,K2BlackPanther,35.0000317,130.027218,next to,next to,located ahead of,located behind,located ahead of,located behind
+2026-02-05T22:43:19Z,T72,35,130.0358224,BTR80,35.0000541,130.0358224,K2BlackPanther,35.0000317,130.027218,next to,next to,located ahead of,located behind,located ahead of,located behind
+2026-02-05T22:43:20Z,T72,35,130.0359102,BTR80,35.0000541,130.0359102,K2BlackPanther,35.0000317,130.027218,next to,next to,located ahead of,located behind,located ahead of,located behind
+2026-02-05T22:43:21Z,T72,35,130.035998,BTR80,35.0000541,130.035998,K2BlackPanther,35.0000317,130.027218,next to,next to,located ahead of,located behind,located ahead of,located behind
+2026-02-05T22:43:22Z,T72,35,130.0360858,BTR80,35.0000541,130.0360858,K2BlackPanther,35.0000317,130.027218,next to,next to,located ahead of,located behind,located ahead of,located behind
+2026-02-05T22:43:23Z,T72,35,130.0361736,BTR80,35.0000541,130.0361736,K2BlackPanther,35.0000317,130.027218,next to,next to,located ahead of,located behind,located ahead of,located behind
+2026-02-05T22:43:24Z,T72,35,130.0362614,BTR80,35.0000541,130.0362614,K2BlackPanther,35.0000317,130.027218,next to,next to,located ahead of,located behind,located ahead of,located behind
+2026-02-05T22:43:25Z,T72,35,130.0363492,BTR80,35.0000541,130.0363492,K2BlackPanther,35.0000317,130.027218,next to,next to,located ahead of,located behind,located ahead of,located behind
+2026-02-05T22:43:26Z,T72,35,130.036437,BTR80,35.0000541,130.036437,K2BlackPanther,35.0000317,130.027218,next to,next to,located ahead of,located behind,located ahead of,located behind
+2026-02-05T22:43:27Z,T72,35,130.0365248,BTR80,35.0000541,130.0365248,K2BlackPanther,35.0000317,130.027218,next to,next to,located ahead of,located behind,located ahead of,located behind
+2026-02-05T22:43:28Z,T72,35,130.0366126,BTR80,35.0000541,130.0366126,K2BlackPanther,35.0000317,130.027218,next to,next to,located ahead of,located behind,located ahead of,located behind
+2026-02-05T22:43:29Z,T72,35,130.0367004,BTR80,35.0000541,130.0367004,K2BlackPanther,35.0000317,130.027218,next to,next to,located ahead of,located behind,located ahead of,located behind
+2026-02-05T22:43:30Z,T72,35,130.0367882,BTR80,35.0000541,130.0367882,K2BlackPanther,35.0000317,130.027218,next to,next to,located ahead of,located behind,located ahead of,located behind
+2026-02-05T22:43:31Z,T72,35,130.036876,BTR80,35.0000541,130.036876,K2BlackPanther,35.0000317,130.027218,next to,next to,located ahead of,located behind,located ahead of,located behind
+2026-02-05T22:43:32Z,T72,35,130.0369638,BTR80,35.0000541,130.036876,K2BlackPanther,35.0000317,130.027218,located ahead of,located behind,located ahead of,located behind,located ahead of,located behind
+2026-02-05T22:43:33Z,T72,35,130.0370516,BTR80,35.0000541,130.036876,K2BlackPanther,35.0000317,130.027218,located ahead of,located behind,located ahead of,located behind,located ahead of,located behind
+2026-02-05T22:43:34Z,T72,35,130.0371394,BTR80,35.0000541,130.036876,K2BlackPanther,35.0000317,130.027218,located ahead of,located behind,located ahead of,located behind,located ahead of,located behind
+2026-02-05T22:43:35Z,T72,35,130.0372272,BTR80,35.0000541,130.036876,K2BlackPanther,35.0000317,130.027218,located ahead of,located behind,located ahead of,located behind,located ahead of,located behind
+2026-02-05T22:43:36Z,T72,35,130.037315,BTR80,35.0000541,130.036876,K2BlackPanther,35.0000317,130.027218,located ahead of,located behind,located ahead of,located behind,located ahead of,located behind
+2026-02-05T22:43:37Z,T72,35,130.0374028,BTR80,35.0000541,130.036876,K2BlackPanther,35.0000317,130.027218,located ahead of,located behind,located ahead of,located behind,located ahead of,located behind
+2026-02-05T22:43:38Z,T72,35,130.0374906,BTR80,35.0000541,130.036876,K2BlackPanther,35.0000317,130.027218,located ahead of,located behind,located ahead of,located behind,located ahead of,located behind
+2026-02-05T22:43:39Z,T72,35,130.0375784,BTR80,35.0000541,130.036876,K2BlackPanther,35.0000317,130.027218,located ahead of,located behind,located ahead of,located behind,located ahead of,located behind
+2026-02-05T22:43:40Z,T72,35,130.0376662,BTR80,35.0000541,130.036876,K2BlackPanther,35.0000317,130.027218,located ahead of,located behind,located ahead of,located behind,located ahead of,located behind
+2026-02-05T22:43:41Z,T72,35,130.037754,BTR80,35.0000541,130.036876,K2BlackPanther,35.0000317,130.027218,located ahead of,located behind,located ahead of,located behind,located ahead of,located behind
+2026-02-05T22:43:42Z,T72,35,130.0378418,BTR80,35.0000541,130.036876,K2BlackPanther,35.0000317,130.027218,located ahead of,located behind,located ahead of,located behind,located ahead of,located behind
+2026-02-05T22:43:43Z,T72,35,130.0379296,BTR80,35.0000541,130.036876,K2BlackPanther,35.0000317,130.027218,located ahead of,located behind,located ahead of,located behind,located ahead of,located behind
+2026-02-05T22:43:44Z,T72,35,130.0380174,BTR80,35.0000541,130.036876,K2BlackPanther,35.0000317,130.027218,located ahead of,located behind,located ahead of,located behind,located ahead of,located behind
+2026-02-05T22:43:45Z,T72,35,130.0381052,BTR80,35.0000541,130.036876,K2BlackPanther,35.0000317,130.027218,located ahead of,located behind,located ahead of,located behind,located ahead of,located behind
+2026-02-05T22:43:46Z,T72,35,130.038193,BTR80,35.0000541,130.036876,K2BlackPanther,35.0000317,130.027218,located ahead of,located behind,located ahead of,located behind,located ahead of,located behind
+2026-02-05T22:43:47Z,T72,35,130.0382808,BTR80,35.0000541,130.036876,K2BlackPanther,35.0000317,130.027218,located ahead of,located behind,located ahead of,located behind,located ahead of,located behind
+2026-02-05T22:43:48Z,T72,35,130.0383686,BTR80,35.0000541,130.036876,K2BlackPanther,35.0000317,130.027218,located ahead of,located behind,located ahead of,located behind,located ahead of,located behind
+2026-02-05T22:43:49Z,T72,35,130.0384564,BTR80,35.0000541,130.036876,K2BlackPanther,35.0000317,130.027218,located ahead of,located behind,located ahead of,located behind,located ahead of,located behind
+2026-02-05T22:43:50Z,T72,35,130.0385442,BTR80,35.0000541,130.036876,K2BlackPanther,35.0000317,130.027218,located ahead of,located behind,located ahead of,located behind,located ahead of,located behind
+2026-02-05T22:43:51Z,T72,35,130.038632,BTR80,35.0000541,130.036876,K2BlackPanther,35.0000317,130.027218,located ahead of,located behind,located ahead of,located behind,located ahead of,located behind
+2026-02-05T22:43:52Z,T72,35,130.0387198,BTR80,35.0000541,130.036876,K2BlackPanther,35.0000317,130.027218,located ahead of,located behind,located ahead of,located behind,located ahead of,located behind
+2026-02-05T22:43:53Z,T72,35,130.0388076,BTR80,35.0000541,130.036876,K2BlackPanther,35.0000317,130.027218,located ahead of,located behind,located ahead of,located behind,located ahead of,located behind
+2026-02-05T22:43:54Z,T72,35,130.0388954,BTR80,35.0000541,130.036876,K2BlackPanther,35.0000317,130.027218,located ahead of,located behind,located ahead of,located behind,located ahead of,located behind
+2026-02-05T22:43:55Z,T72,35,130.0389832,BTR80,35.0000541,130.036876,K2BlackPanther,35.0000317,130.027218,located ahead of,located behind,located ahead of,located behind,located ahead of,located behind
+2026-02-05T22:43:56Z,T72,35,130.039071,BTR80,35.0000541,130.036876,K2BlackPanther,35.0000317,130.027218,located ahead of,located behind,located ahead of,located behind,located ahead of,located behind
+2026-02-05T22:43:57Z,T72,35,130.0391588,BTR80,35.0000541,130.036876,K2BlackPanther,35.0000317,130.027218,located ahead of,located behind,located ahead of,located behind,located ahead of,located behind
+2026-02-05T22:43:58Z,T72,35,130.0392466,BTR80,35.0000541,130.036876,K2BlackPanther,35.0000317,130.027218,located ahead of,located behind,located ahead of,located behind,located ahead of,located behind
+2026-02-05T22:43:59Z,T72,35,130.0393344,BTR80,35.0000541,130.036876,K2BlackPanther,35.0000317,130.027218,located ahead of,located behind,located ahead of,located behind,located ahead of,located behind
+2026-02-05T22:44:00Z,T72,35,130.0394222,BTR80,35.0000541,130.036876,K2BlackPanther,35.0000317,130.027218,located ahead of,located behind,located ahead of,located behind,located ahead of,located behind
+2026-02-05T22:44:01Z,T72,35,130.03951,BTR80,35.0000541,130.036876,K2BlackPanther,35.0000317,130.027218,located ahead of,located behind,located ahead of,located behind,located ahead of,located behind
+2026-02-05T22:44:02Z,T72,35,130.0395978,BTR80,35.0000541,130.036876,K2BlackPanther,35.0000317,130.027218,located ahead of,located behind,located ahead of,located behind,located ahead of,located behind
+2026-02-05T22:44:03Z,T72,35,130.0396856,BTR80,35.0000541,130.036876,K2BlackPanther,35.0000317,130.027218,located ahead of,located behind,located ahead of,located behind,located ahead of,located behind
+2026-02-05T22:44:04Z,T72,35,130.0397734,BTR80,35.0000541,130.036876,K2BlackPanther,35.0000317,130.027218,located ahead of,located behind,located ahead of,located behind,located ahead of,located behind
+2026-02-05T22:44:05Z,T72,35,130.0398612,BTR80,35.0000541,130.036876,K2BlackPanther,35.0000317,130.027218,located ahead of,located behind,located ahead of,located behind,located ahead of,located behind
+2026-02-05T22:44:06Z,T72,35,130.039949,BTR80,35.0000541,130.036876,K2BlackPanther,35.0000317,130.027218,located ahead of,located behind,located ahead of,located behind,located ahead of,located behind
+2026-02-05T22:44:07Z,T72,35,130.0400368,BTR80,35.0000541,130.036876,K2BlackPanther,35.0000317,130.027218,located ahead of,located behind,located ahead of,located behind,located ahead of,located behind
+2026-02-05T22:44:08Z,T72,35,130.0401246,BTR80,35.0000541,130.036876,K2BlackPanther,35.0000317,130.027218,located ahead of,located behind,located ahead of,located behind,located ahead of,located behind
+2026-02-05T22:44:09Z,T72,35,130.0402124,BTR80,35.0000541,130.036876,K2BlackPanther,35.0000317,130.027218,located ahead of,located behind,located ahead of,located behind,located ahead of,located behind
+2026-02-05T22:44:10Z,T72,35,130.0403002,BTR80,35.0000541,130.036876,K2BlackPanther,35.0000317,130.027218,located ahead of,located behind,located ahead of,located behind,located ahead of,located behind
+2026-02-05T22:44:11Z,T72,35,130.040388,BTR80,35.0000541,130.036876,K2BlackPanther,35.0000317,130.027218,located ahead of,located behind,located ahead of,located behind,located ahead of,located behind
+2026-02-05T22:44:12Z,T72,35,130.0404758,BTR80,35.0000541,130.036876,K2BlackPanther,35.0000317,130.027218,located ahead of,located behind,located ahead of,located behind,located ahead of,located behind
+2026-02-05T22:44:13Z,T72,35,130.0405636,BTR80,35.0000541,130.036876,K2BlackPanther,35.0000317,130.027218,located ahead of,located behind,located ahead of,located behind,located ahead of,located behind
+2026-02-05T22:44:14Z,T72,35,130.0406514,BTR80,35.0000541,130.036876,K2BlackPanther,35.0000317,130.027218,located ahead of,located behind,located ahead of,located behind,located ahead of,located behind
+2026-02-05T22:44:15Z,T72,35,130.0407392,BTR80,35.0000541,130.036876,K2BlackPanther,35.0000317,130.027218,located ahead of,located behind,located ahead of,located behind,located ahead of,located behind
+2026-02-05T22:44:16Z,T72,35,130.040827,BTR80,35.0000541,130.036876,K2BlackPanther,35.0000317,130.027218,located ahead of,located behind,located ahead of,located behind,located ahead of,located behind
+2026-02-05T22:44:17Z,T72,35,130.0409148,BTR80,35.0000541,130.036876,K2BlackPanther,35.0000317,130.027218,located ahead of,located behind,located ahead of,located behind,located ahead of,located behind
+2026-02-05T22:44:18Z,T72,35,130.0410026,BTR80,35.0000541,130.036876,K2BlackPanther,35.0000317,130.027218,located ahead of,located behind,located ahead of,located behind,located ahead of,located behind
+2026-02-05T22:44:19Z,T72,35,130.0410904,BTR80,35.0000541,130.036876,K2BlackPanther,35.0000317,130.027218,located ahead of,located behind,located ahead of,located behind,located ahead of,located behind
+2026-02-05T22:44:20Z,T72,35,130.0411782,BTR80,35.0000541,130.036876,K2BlackPanther,35.0000317,130.027218,located ahead of,located behind,located ahead of,located behind,located ahead of,located behind
+2026-02-05T22:44:21Z,T72,35,130.041266,BTR80,35.0000541,130.036876,K2BlackPanther,35.0000317,130.027218,located ahead of,located behind,located ahead of,located behind,located ahead of,located behind
+2026-02-05T22:44:22Z,T72,35,130.0413538,BTR80,35.0000541,130.036876,K2BlackPanther,35.0000317,130.027218,located ahead of,located behind,located ahead of,located behind,located ahead of,located behind
+2026-02-05T22:44:23Z,T72,35,130.0414416,BTR80,35.0000541,130.036876,K2BlackPanther,35.0000317,130.027218,located ahead of,located behind,located ahead of,located behind,located ahead of,located behind
+2026-02-05T22:44:24Z,T72,35,130.0415294,BTR80,35.0000541,130.036876,K2BlackPanther,35.0000317,130.027218,located ahead of,located behind,located ahead of,located behind,located ahead of,located behind
+2026-02-05T22:44:25Z,T72,35,130.0416172,BTR80,35.0000541,130.036876,K2BlackPanther,35.0000317,130.027218,located ahead of,located behind,located ahead of,located behind,located ahead of,located behind
+2026-02-05T22:44:26Z,T72,35,130.041705,BTR80,35.0000541,130.036876,K2BlackPanther,35.0000317,130.027218,located ahead of,located behind,located ahead of,located behind,located ahead of,located behind
+2026-02-05T22:44:27Z,T72,35,130.0417928,BTR80,35.0000541,130.036876,K2BlackPanther,35.0000317,130.027218,located ahead of,located behind,located ahead of,located behind,located ahead of,located behind
+2026-02-05T22:44:28Z,T72,35,130.0418806,BTR80,35.0000541,130.036876,K2BlackPanther,35.0000317,130.027218,located ahead of,located behind,located ahead of,located behind,located ahead of,located behind
+2026-02-05T22:44:29Z,T72,35,130.0419684,BTR80,35.0000541,130.036876,K2BlackPanther,35.0000317,130.027218,located ahead of,located behind,located ahead of,located behind,located ahead of,located behind
+2026-02-05T22:44:30Z,T72,35,130.0420562,BTR80,35.0000541,130.036876,K2BlackPanther,35.0000317,130.027218,located ahead of,located behind,located ahead of,located behind,located ahead of,located behind
+2026-02-05T22:44:31Z,T72,35,130.042144,BTR80,35.0000541,130.036876,K2BlackPanther,35.0000317,130.027218,located ahead of,located behind,located ahead of,located behind,located ahead of,located behind
+2026-02-05T22:44:32Z,T72,35,130.0422318,BTR80,35.0000541,130.036876,K2BlackPanther,35.0000317,130.027218,located ahead of,located behind,located ahead of,located behind,located ahead of,located behind
+2026-02-05T22:44:33Z,T72,35,130.0423196,BTR80,35.0000541,130.036876,K2BlackPanther,35.0000317,130.027218,located ahead of,located behind,located ahead of,located behind,located ahead of,located behind
+2026-02-05T22:44:34Z,T72,35,130.0424074,BTR80,35.0000541,130.036876,K2BlackPanther,35.0000317,130.027218,located ahead of,located behind,located ahead of,located behind,located ahead of,located behind
+2026-02-05T22:44:35Z,T72,35,130.0424952,BTR80,35.0000541,130.036876,K2BlackPanther,35.0000317,130.027218,located ahead of,located behind,located ahead of,located behind,located ahead of,located behind
+2026-02-05T22:44:36Z,T72,35,130.042583,BTR80,35.0000541,130.036876,K2BlackPanther,35.0000317,130.027218,located ahead of,located behind,located ahead of,located behind,located ahead of,located behind
+2026-02-05T22:44:37Z,T72,35,130.0426708,BTR80,35.0000541,130.036876,K2BlackPanther,35.0000317,130.027218,located ahead of,located behind,located ahead of,located behind,located ahead of,located behind
+2026-02-05T22:44:38Z,T72,35,130.0427586,BTR80,35.0000541,130.036876,K2BlackPanther,35.0000317,130.027218,located ahead of,located behind,located ahead of,located behind,located ahead of,located behind
+2026-02-05T22:44:39Z,T72,35,130.0428464,BTR80,35.0000541,130.036876,K2BlackPanther,35.0000317,130.027218,located ahead of,located behind,located ahead of,located behind,located ahead of,located behind
+2026-02-05T22:44:40Z,T72,35,130.0429342,BTR80,35.0000541,130.036876,K2BlackPanther,35.0000317,130.027218,located ahead of,located behind,located ahead of,located behind,located ahead of,located behind
+2026-02-05T22:44:41Z,T72,35,130.043022,BTR80,35.0000541,130.036876,K2BlackPanther,35.0000317,130.027218,located ahead of,located behind,located ahead of,located behind,located ahead of,located behind
+2026-02-05T22:44:42Z,T72,35,130.0431098,BTR80,35.0000541,130.036876,K2BlackPanther,35.0000317,130.027218,located ahead of,located behind,located ahead of,located behind,located ahead of,located behind
+2026-02-05T22:44:43Z,T72,35,130.0431976,BTR80,35.0000541,130.036876,K2BlackPanther,35.0000317,130.027218,located ahead of,located behind,located ahead of,located behind,located ahead of,located behind
+2026-02-05T22:44:44Z,T72,35,130.0432854,BTR80,35.0000541,130.036876,K2BlackPanther,35.0000317,130.027218,located ahead of,located behind,located ahead of,located behind,located ahead of,located behind
+2026-02-05T22:44:45Z,T72,35,130.0433732,BTR80,35.0000541,130.036876,K2BlackPanther,35.0000317,130.027218,located ahead of,located behind,located ahead of,located behind,located ahead of,located behind
+2026-02-05T22:44:46Z,T72,35,130.043461,BTR80,35.0000541,130.036876,K2BlackPanther,35.0000317,130.027218,located ahead of,located behind,located ahead of,located behind,located ahead of,located behind
+2026-02-05T22:44:47Z,T72,35,130.0435488,BTR80,35.0000541,130.036876,K2BlackPanther,35.0000317,130.027218,located ahead of,located behind,located ahead of,located behind,located ahead of,located behind
+2026-02-05T22:44:48Z,T72,35,130.0436366,BTR80,35.0000541,130.036876,K2BlackPanther,35.0000317,130.027218,located ahead of,located behind,located ahead of,located behind,located ahead of,located behind
+2026-02-05T22:44:49Z,T72,35,130.0437244,BTR80,35.0000541,130.036876,K2BlackPanther,35.0000317,130.027218,located ahead of,located behind,located ahead of,located behind,located ahead of,located behind
+2026-02-05T22:44:50Z,T72,35,130.0438122,BTR80,35.0000541,130.036876,K2BlackPanther,35.0000317,130.027218,located ahead of,located behind,located ahead of,located behind,located ahead of,located behind
+2026-02-05T22:44:51Z,T72,35,130.0439,BTR80,35.0000541,130.036876,K2BlackPanther,35.0000317,130.027218,located ahead of,located behind,located ahead of,located behind,located ahead of,located behind
