http://example.org/stkg/id/obs_pos_BTR80_20260205T223952Z_1	http://example.org/stkg/sourceFile	"KG2_201_400.csv"^^<http://www.w3.org/2001/XMLSchema#string>
http://example.org/stkg/id/obs_pos_BTR80_20260205T223952Z_1	http://example.org/stkg/sourceRow	"1"^^<http://www.w3.org/2001/XMLSchema#integer>
http://example.org/stkg/id/obs_pos_BTR80_20260205T223953Z_2	http://example.org/stkg/sourceFile	"KG2_201_400.csv"^^<http://www.w3.org/2001/XMLSchema#string>
http://example.org/stkg/id/obs_pos_BTR80_20260205T223953Z_2	http://example.org/stkg/sourceRow	"2"^^<http://www.w3.org/2001/XMLSchema#integer>
http://example.org/stkg/id/obs_pos_BTR80_20260205T223954Z_3	http://example.org/stkg/sourceFile	"KG2_201_400.csv"^^<http://www.w3.org/2001/XMLSchema#string>
http://example.org/stkg/id/obs_pos_BTR80_20260205T223954Z_3	http://example.org/stkg/sourceRow	"3"^^<http://www.w3.org/2001/XMLSchema#integer>
http://example.org/stkg/id/obs_pos_BTR80_20260205T223955Z_4	http://example.org/stkg/sourceFile	"KG2_201_400.csv"^^<http://www.w3.org/2001/XMLSchema#string>
http://example.org/stkg/id/obs_pos_BTR80_20260205T223955Z_4	http://example.org/stkg/sourceRow	"4"^^<http://www.w3.org/2001/XMLSchema#integer>
http://example.org/stkg/id/obs_pos_BTR80_20260205T223956Z_5	http://example.org/stkg/sourceFile	"KG2_201_400.csv"^^<http://www.w3.org/2001/XMLSchema#string>
http://example.org/stkg/id/obs_pos_BTR80_20260205T223956Z_5	http://example.org/stkg/sourceRow	"5"^^<http://www.w3.org/2001/XMLSchema#integer>
http://example.org/stkg/id/obs_pos_BTR80_20260205T223957Z_6	http://example.org/stkg/sourceFile	"KG2_201_400.csv"^^<http://www.w3.org/2001/XMLSchema#string>
http://example.org/stkg/id/obs_pos_BTR80_20260205T223957Z_6	http://example.org/stkg/sourceRow	"6"^^<http://www.w3.org/2001/XMLSchema#integer>
http://example.org/stkg/id/obs_pos_BTR80_20260205T223958Z_7	http://example.org/stkg/sourceFile	"KG2_201_400.csv"^^<http://www.w3.org/2001/XMLSchema#string>
http://example.org/stkg/id/obs_pos_BTR80_20260205T223958Z_7	http://example.org/stkg/sourceRow	"7"^^<http://www.w3.org/2001/XMLSchema#integer>
http://example.org/stkg/id/obs_pos_BTR80_20260205T223959Z_8	http://example.org/stkg/sourceFile	"KG2_201_400.csv"^^<http://www.w3.org/2001/XMLSchema#string>
http://example.org/stkg/id/obs_pos_BTR80_20260205T223959Z_8	http://example.org/stkg/sourceRow	"8"^^<http://www.w3.org/2001/XMLSchema#integer>
http://example.org/stkg/id/obs_pos_BTR80_20260205T224000Z_9	http://example.org/stkg/sourceFile	"KG2_201_400.csv"^^<http://www.w3.org/2001/XMLSchema#string>
http://example.org/stkg/id/obs_pos_BTR80_20260205T224000Z_9	http://example.org/stkg/sourceRow	"9"^^<http://www.w3.org/2001/XMLSchema#integer>
http://example.org/stkg/id/obs_pos_BTR80_20260205T224001Z_10	http://example.org/stkg/sourceFile	"KG2_201_400.csv"^^<http://www.w3.org/2001/XMLSchema#string>
http://example.org/stkg/id/obs_pos_BTR80_20260205T224001Z_10	http://example.org/stkg/sourceRow	"10"^^<http://www.w3.org/2001/XMLSchema#integer>
http://example.org/stkg/id/obs_pos_BTR80_20260205T224002Z_11	http://example.org/stkg/sourceFile	"KG2_201_400.csv"^^<http://www.w3.org/2001/XMLSchema#string>
http://example.org/stkg/id/obs_pos_BTR80_20260205T224002Z_11	http://example.org/stkg/sourceRow	"11"^^<http://www.w3.org/2001/XMLSchema#integer>
http://example.org/stkg/id/obs_pos_BTR80_20260205T224003Z_12	http://example.org/stkg/sourceFile	"KG2_201_400.csv"^^<http://www.w3.org/2001/XMLSchema#string>
http://example.org/stkg/id/obs_pos_BTR80_20260205T224003Z_12	http://example.org/stkg/sourceRow	"12"^^<http://www.w3.org/2001/XMLSchema#integer>
http://example.org/stkg/id/obs_pos_BTR80_20260205T224004Z_13	http://example.org/stkg/sourceFile	"KG2_201_400.csv"^^<http://www.w3.org/2001/XMLSchema#string>
http://example.org/stkg/id/obs_pos_BTR80_20260205T224004Z_13	http://example.org/stkg/sourceRow	"13"^^<http://www.w3.org/2001/XMLSchema#integer>
http://example.org/stkg/id/obs_pos_BTR80_20260205T224005Z_14	http://example.org/stkg/sourceFile	"KG2_201_400.csv"^^<http://www.w3.org/2001/XMLSchema#string>
http://example.org/stkg/id/obs_pos_BTR80_20260205T224005Z_14	http://example.org/stkg/sourceRow	"14"^^<http://www.w3.org/2001/XMLSchema#integer>
http://example.org/stkg/id/obs_pos_BTR80_20260205T224006Z_15	http://example.org/stkg/sourceFile	"KG2_201_400.csv"^^<http://www.w3.org/2001/XMLSchema#string>
http://example.org/stkg/id/obs_pos_BTR80_20260205T224006Z_15	http://example.org/stkg/sourceRow	"15"^^<http://www.w3.org/2001/XMLSchema#integer>
http://example.org/stkg/id/obs_pos_BTR80_20260205T224007Z_16	http://example.org/stkg/sourceFile	"KG2_201_400.csv"^^<http://www.w3.org/2001/XMLSchema#string>
http://example.org/stkg/id/obs_pos_BTR80_20260205T224007Z_16	http://example.org/stkg/sourceRow	"16"^^<http://www.w3.org/2001/XMLSchema#integer>
http://example.org/stkg/id/obs_pos_BTR80_20260205T224008Z_17	http://example.org/stkg/sourceFile	"KG2_201_400.csv"^^<http://www.w3.org/2001/XMLSchema#string>
http://example.org/stkg/id/obs_pos_BTR80_20260205T224008Z_17	http://example.org/stkg/sourceRow	"17"^^<http://www.w3.org/2001/XMLSchema#integer>
http://example.org/stkg/id/obs_pos_BTR80_20260205T224009Z_18	http://example.org/stkg/sourceFile	"KG2_201_400.csv"^^<http://www.w3.org/2001/XMLSchema#string>
http://example.org/stkg/id/obs_pos_BTR80_20260205T224009Z_18	http://example.org/stkg/sourceRow	"18"^^<http://www.w3.org/2001/XMLSchema#integer>
http://example.org/stkg/id/obs_pos_BTR80_20260205T224010Z_19	http://example.org/stkg/sourceFile	"KG2_201_400.csv"^^<http://www.w3.org/2001/XMLSchema#string>
http://example.org/stkg/id/obs_pos_BTR80_20260205T224010Z_19	http://example.org/stkg/sourceRow	"19"^^<http://www.w3.org/2001/XMLSchema#integer>
http://example.org/stkg/id/obs_pos_BTR80_20260205T224011Z_20	http://example.org/stkg/sourceFile	"KG2_201_400.csv"^^<http://www.w3.org/2001/XMLSchema#string>
http://example.org/stkg/id/obs_pos_BTR80_20260205T224011Z_20	http://example.org/stkg/sourceRow	"20"^^<http://www.w3.org/2001/XMLSchema#integer>
http://example.org/stkg/id/obs_pos_BTR80_20260205T224012Z_21	http://example.org/stkg/sourceFile	"KG2_201_400.csv"^^<http://www.w3.org/2001/XMLSchema#string>
http://example.org/stkg/id/obs_pos_BTR80_20260205T224012Z_21	http://example.org/stkg/sourceRow	"21"^^<http://www.w3.org/2001/XMLSchema#integer>
http://example.org/stkg/id/obs_pos_BTR80_20260205T224013Z_22	http://example.org/stkg/sourceFile	"KG2_201_400.csv"^^<http://www.w3.org/2001/XMLSchema#string>
http://example.org/stkg/id/obs_pos_BTR80_20260205T224013Z_22	http://example.org/stkg/sourceRow	"22"^^<http://www.w3.org/2001/XMLSchema#integer>
http://example.org/stkg/id/obs_pos_BTR80_20260205T224014Z_23	http://example.org/stkg/sourceFile	"KG2_201_400.csv"^^<http://www.w3.org/2001/XMLSchema#string>
http://example.org/stkg/id/obs_pos_BTR80_20260205T224014Z_23	http://example.org/stkg/sourceRow	"23"^^<http://www.w3.org/2001/XMLSchema#integer>
http://example.org/stkg/id/obs_pos_BTR80_20260205T224015Z_24	http://example.org/stkg/sourceFile	"KG2_201_400.csv"^^<http://www.w3.org/2001/XMLSchema#string>
http://example.org/stkg/id/obs_pos_BTR80_20260205T224015Z_24	http://example.org/stkg/sourceRow	"24"^^<http://www.w3.org/2001/XMLSchema#integer>
http://example.org/stkg/id/obs_pos_BTR80_20260205T224016Z_25	http://example.org/stkg/sourceFile	"KG2_201_400.csv"^^<http://www.w3.org/2001/XMLSchema#string>
http://example.org/stkg/id/obs_pos_BTR80_20260205T224016Z_25	http://example.org/stkg/sourceRow	"25"^^<http://www.w3.org/2001/XMLSchema#integer>
http://example.org/stkg/id/obs_pos_BTR80_20260205T224017Z_26	http://example.org/stkg/sourceFile	"KG2_201_400.csv"^^<http://www.w3.org/2001/XMLSchema#string>
http://example.org/stkg/id/obs_pos_BTR80_20260205T224017Z_26	http://example.org/stkg/sourceRow	"26"^^<http://www.w3.org/2001/XMLSchema#integer>
http://example.org/stkg/id/obs_pos_BTR80_20260205T224018Z_27	http://example.org/stkg/sourceFile	"KG2_201_400.csv"^^<http://www.w3.org/2001/XMLSchema#string>
http://example.org/stkg/id/obs_pos_BTR80_20260205T224018Z_27	http://example.org/stkg/sourceRow	"27"^^<http://www.w3.org/2001/XMLSchema#integer>
http://example.org/stkg/id/obs_pos_BTR80_20260205T224019Z_28	http://example.org/stkg/sourceFile	"KG2_201_400.csv"^^<http://www.w3.org/2001/XMLSchema#string>
http://example.org/stkg/id/obs_pos_BTR80_20260205T224019Z_28	http://example.org/stkg/sourceRow	"28"^^<http://www.w3.org/2001/XMLSchema#integer>
http://example.org/stkg/id/obs_pos_BTR80_20260205T224020Z_29	http://example.org/stkg/sourceFile	"KG2_201_400.csv"^^<http://www.w3.org/2001/XMLSchema#string>
http://example.org/stkg/id/obs_pos_BTR80_20260205T224020Z_29	http://example.org/stkg/sourceRow	"29"^^<http://www.w3.org/2001/XMLSchema#integer>
http://example.org/stkg/id/obs_pos_BTR80_20260205T224021Z_30	http://example.org/stkg/sourceFile	"KG2_201_400.csv"^^<http://www.w3.org/2001/XMLSchema#string>
http://example.org/stkg/id/obs_pos_BTR80_20260205T224021Z_30	http://example.org/stkg/sourceRow	"30"^^<http://www.w3.org/2001/XMLSchema#integer>
http://example.org/stkg/id/obs_pos_BTR80_20260205T224022Z_31	http://example.org/stkg/sourceFile	"KG2_201_400.csv"^^<http://www.w3.org/2001/XMLSchema#string>
http://example.org/stkg/id/obs_pos_BTR80_20260205T224022Z_31	http://example.org/stkg/sourceRow	"31"^^<http://www.w3.org/2001/XMLSchema#integer>
http://example.org/stkg/id/obs_pos_BTR80_20260205T224023Z_32	http://example.org/stkg/sourceFile	"KG2_201_400.csv"^^<http://www.w3.org/2001/XMLSchema#string>
http://example.org/stkg/id/obs_pos_BTR80_20260205T224023Z_32	http://example.org/stkg/sourceRow	"32"^^<http://www.w3.org/2001/XMLSchema#integer>
http://example.org/stkg/id/obs_pos_BTR80_20260205T224024Z_33	http://example.org/stkg/sourceFile	"KG2_201_400.csv"^^<http://www.w3.org/2001/XMLSchema#string>
http://example.org/stkg/id/obs_pos_BTR80_20260205T224024Z_33	http://example.org/stkg/sourceRow	"33"^^<http://www.w3.org/2001/XMLSchema#integer>
http://example.org/stkg/id/obs_pos_BTR80_20260205T224025Z_34	http://example.org/stkg/sourceFile	"KG2_201_400.csv"^^<http://www.w3.org/2001/XMLSchema#string>
http://example.org/stkg/id/obs_pos_BTR80_20260205T224025Z_34	http://example.org/stkg/sourceRow	"34"^^<http://www.w3.org/2001/XMLSchema#integer>
http://example.org/stkg/id/obs_pos_BTR80_20260205T224026Z_35	http://example.org/stkg/sourceFile	"KG2_201_400.csv"^^<http://www.w3.org/2001/XMLSchema#string>
http://example.org/stkg/id/obs_pos_BTR80_20260205T224026Z_35	http://example.org/stkg/sourceRow	"35"^^<http://www.w3.org/2001/XMLSchema#integer>
http://example.org/stkg/id/obs_pos_BTR80_20260205T224027Z_36	http://example.org/stkg/sourceFile	"KG2_201_400.csv"^^<http://www.w3.org/2001/XMLSchema#string>
http://example.org/stkg/id/obs_pos_BTR80_20260205T224027Z_36	http://example.org/stkg/sourceRow	"36"^^<http://www.w3.org/2001/XMLSchema#integer>
http://example.org/stkg/id/obs_pos_BTR80_20260205T224028Z_37	http://example.org/stkg/sourceFile	"KG2_201_400.csv"^^<http://www.w3.org/2001/XMLSchema#string>
http://example.org/stkg/id/obs_pos_BTR80_20260205T224028Z_37	http://example.org/stkg/sourceRow	"37"^^<http://www.w3.org/2001/XMLSchema#integer>
http://example.org/stkg/id/obs_pos_BTR80_20260205T224029Z_38	http://example.org/stkg/sourceFile	"KG2_201_400.csv"^^<http://www.w3.org/2001/XMLSchema#string>
http://example.org/stkg/id/obs_pos_BTR80_20260205T224029Z_38	http://example.org/stkg/sourceRow	"38"^^<http://www.w3.org/2001/XMLSchema#integer>
http://example.org/stkg/id/obs_pos_BTR80_20260205T224030Z_39	http://example.org/stkg/sourceFile	"KG2_201_400.csv"^^<http://www.w3.org/2001/XMLSchema#string>
http://example.org/stkg/id/obs_pos_BTR80_20260205T224030Z_39	http://example.org/stkg/sourceRow	"39"^^<http://www.w3.org/2001/XMLSchema#integer>
http://example.org/stkg/id/obs_pos_BTR80_20260205T224031Z_40	http://example.org/stkg/sourceFile	"KG2_201_400.csv"^^<http://www.w3.org/2001/XMLSchema#string>
http://example.org/stkg/id/obs_pos_BTR80_20260205T224031Z_40	http://example.org/stkg/sourceRow	"40"^^<http://www.w3.org/2001/XMLSchema#integer>
http://example.org/stkg/id/obs_pos_BTR80_20260205T224032Z_41	http://example.org/stkg/sourceFile	"KG2_201_400.csv"^^<http://www.w3.org/2001/XMLSchema#string>
http://example.org/stkg/id/obs_pos_BTR80_20260205T224032Z_41	http://example.org/stkg/sourceRow	"41"^^<http://www.w3.org/2001/XMLSchema#integer>
http://example.org/stkg/id/obs_pos_BTR80_20260205T224033Z_42	http://example.org/stkg/sourceFile	"KG2_201_400.csv"^^<http://www.w3.org/2001/XMLSchema#string>
http://example.org/stkg/id/obs_pos_BTR80_20260205T224033Z_42	http://example.org/stkg/sourceRow	"42"^^<http://www.w3.org/2001/XMLSchema#integer>
http://example.org/stkg/id/obs_pos_BTR80_20260205T224034Z_43	http://example.org/stkg/sourceFile	"KG2_201_400.csv"^^<http://www.w3.org/2001/XMLSchema#string>
http://example.org/stkg/id/obs_pos_BTR80_20260205T224034Z_43	http://example.org/stkg/sourceRow	"43"^^<http://www.w3.org/2001/XMLSchema#integer>
http://example.org/stkg/id/obs_pos_BTR80_20260205T224035Z_44	http://example.org/stkg/sourceFile	"KG2_201_400.csv"^^<http://www.w3.org/2001/XMLSchema#string>
http://example.org/stkg/id/obs_pos_BTR80_20260205T224035Z_44	http://example.org/stkg/sourceRow	"44"^^<http://www.w3.org/2001/XMLSchema#integer>
http://example.org/stkg/id/obs_pos_BTR80_20260205T224036Z_45	http://example.org/stkg/sourceFile	"KG2_201_400.csv"^^<http://www.w3.org/2001/XMLSchema#string>
http://example.org/stkg/id/obs_pos_BTR80_20260205T224036Z_45	http://example.org/stkg/sourceRow	"45"^^<http://www.w3.org/2001/XMLSchema#integer>
http://example.org/stkg/id/obs_pos_BTR80_20260205T224037Z_46	http://example.org/stkg/sourceFile	"KG2_201_400.csv"^^<http://www.w3.org/2001/XMLSchema#string>
http://example.org/stkg/id/obs_pos_BTR80_20260205T224037Z_46	http://example.org/stkg/sourceRow	"46"^^<http://www.w3.org/2001/XMLSchema#integer>
http://example.org/stkg/id/obs_pos_BTR80_20260205T224038Z_47	http://example.org/stkg/sourceFile	"KG2_201_400.csv"^^<http://www.w3.org/2001/XMLSchema#string>
http://example.org/stkg/id/obs_pos_BTR80_20260205T224038Z_47	http://example.org/stkg/sourceRow	"47"^^<http://www.w3.org/2001/XMLSchema#integer>
http://example.org/stkg/id/obs_pos_BTR80_20260205T224039Z_48	http://example.org/stkg/sourceFile	"KG2_201_400.csv"^^<http://www.w3.org/2001/XMLSchema#string>
http://example.org/stkg/id/obs_pos_BTR80_20260205T224039Z_48	http://example.org/stkg/sourceRow	"48"^^<http://www.w3.org/2001/XMLSchema#integer>
http://example.org/stkg/id/obs_pos_BTR80_20260205T224040Z_49	http://example.org/stkg/sourceFile	"KG2_201_400.csv"^^<http://www.w3.org/2001/XMLSchema#string>
http://example.org/stkg/id/obs_pos_BTR80_20260205T224040Z_49	http://example.org/stkg/sourceRow	"49"^^<http://www.w3.org/2001/XMLSchema#integer>
http://example.org/stkg/id/obs_pos_BTR80_20260205T224041Z_50	http://example.org/stkg/sourceFile	"KG2_201_400.csv"^^<http://www.w3.org/2001/XMLSchema#string>
http://example.org/stkg/id/obs_pos_BTR80_20260205T224041Z_50	http://example.org/stkg/sourceRow	"50"^^<http://www.w3.org/2001/XMLSchema#integer>
http://example.org/stkg/id/obs_pos_BTR80_20260205T224042Z_51	http://example.org/stkg/sourceFile	"KG2_201_400.csv"^^<http://www.w3.org/2001/XMLSchema#string>
http://example.org/stkg/id/obs_pos_BTR80_20260205T224042Z_51	http://example.org/stkg/sourceRow	"51"^^<http://www.w3.org/2001/XMLSchema#integer>
http://example.org/stkg/id/obs_pos_BTR80_20260205T224043Z_52	http://example.org/stkg/sourceFile	"KG2_201_400.csv"^^<http://www.w3.org/2001/XMLSchema#string>
http://example.org/stkg/id/obs_pos_BTR80_20260205T224043Z_52	http://example.org/stkg/sourceRow	"52"^^<http://www.w3.org/2001/XMLSchema#integer>
http://example.org/stkg/id/obs_pos_BTR80_20260205T224044Z_53	http://example.org/stkg/sourceFile	"KG2_201_400.csv"^^<http://www.w3.org/2001/XMLSchema#string>
http://example.org/stkg/id/obs_pos_BTR80_20260205T224044Z_53	http://example.org/stkg/sourceRow	"53"^^<http://www.w3.org/2001/XMLSchema#integer>
http://example.org/stkg/id/obs_pos_BTR80_20260205T224045Z_54	http://example.org/stkg/sourceFile	"KG2_201_400.csv"^^<http://www.w3.org/2001/XMLSchema#string>
http://example.org/stkg/id/obs_pos_BTR80_20260205T224045Z_54	http://example.org/stkg/sourceRow	"54"^^<http://www.w3.org/2001/XMLSchema#integer>
http://example.org/stkg/id/obs_pos_BTR80_20260205T224046Z_55	http://example.org/stkg/sourceFile	"KG2_201_400.csv"^^<http://www.w3.org/2001/XMLSchema#string>
http://example.org/stkg/id/obs_pos_BTR80_20260205T224046Z_55	http://example.org/stkg/sourceRow	"55"^^<http://www.w3.org/2001/XMLSchema#integer>
http://example.org/stkg/id/obs_pos_BTR80_20260205T224047Z_56	http://example.org/stkg/sourceFile	"KG2_201_400.csv"^^<http://www.w3.org/2001/XMLSchema#string>
http://example.org/stkg/id/obs_pos_BTR80_20260205T224047Z_56	http://example.org/stkg/sourceRow	"56"^^<http://www.w3.org/2001/XMLSchema#integer>
http://example.org/stkg/id/obs_pos_BTR80_20260205T224048Z_57	http://example.org/stkg/sourceFile	"KG2_201_400.csv"^^<http://www.w3.org/2001/XMLSchema#string>
http://example.org/stkg/id/obs_pos_BTR80_20260205T224048Z_57	http://example.org/stkg/sourceRow	"57"^^<http://www.w3.org/2001/XMLSchema#integer>
http://example.org/stkg/id/obs_pos_BTR80_20260205T224049Z_58	http://example.org/stkg/sourceFile	"KG2_201_400.csv"^^<http://www.w3.org/2001/XMLSchema#string>
http://example.org/stkg/id/obs_pos_BTR80_20260205T224049Z_58	http://example.org/stkg/sourceRow	"58"^^<http://www.w3.org/2001/XMLSchema#integer>
http://example.org/stkg/id/obs_pos_BTR80_20260205T224050Z_59	http://example.org/stkg/sourceFile	"KG2_201_400.csv"^^<http://www.w3.org/2001/XMLSchema#string>
http://example.org/stkg/id/obs_pos_BTR80_20260205T224050Z_59	http://example.org/stkg/sourceRow	"59"^^<http://www.w3.org/2001/XMLSchema#integer>
http://example.org/stkg/id/obs_pos_BTR80_20260205T224051Z_60	http://example.org/stkg/sourceFile	"KG2_201_400.csv"^^<http://www.w3.org/2001/XMLSchema#string>
http://example.org/stkg/id/obs_pos_BTR80_20260205T224051Z_60	http://example.org/stkg/sourceRow	"60"^^<http://www.w3.org/2001/XMLSchema#integer>
http://example.org/stkg/id/obs_pos_BTR80_20260205T224052Z_61	http://example.org/stkg/sourceFile	"KG2_201_400.csv"^^<http://www.w3.org/2001/XMLSchema#string>
http://example.org/stkg/id/obs_pos_BTR80_20260205T224052Z_61	http://example.org/stkg/sourceRow	"61"^^<http://www.w3.org/2001/XMLSchema#integer>
http://example.org/stkg/id/obs_pos_BTR80_20260205T224053Z_62	http://example.org/stkg/sourceFile	"KG2_201_400.csv"^^<http://www.w3.org/2001/XMLSchema#string>
http://example.org/stkg/id/obs_pos_BTR80_20260205T224053Z_62	http://example.org/stkg/sourceRow	"62"^^<http://www.w3.org/2001/XMLSchema#integer>
http://example.org/stkg/id/obs_pos_BTR80_20260205T224054Z_63	http://example.org/stkg/sourceFile	"KG2_201_400.csv"^^<http://www.w3.org/2001/XMLSchema#string>
http://example.org/stkg/id/obs_pos_BTR80_20260205T224054Z_63	http://example.org/stkg/sourceRow	"63"^^<http://www.w3.org/2001/XMLSchema#integer>
http://example.org/stkg/id/obs_pos_BTR80_20260205T224055Z_64	http://example.org/stkg/sourceFile	"KG2_201_400.csv"^^<http://www.w3.org/2001/XMLSchema#string>
http://example.org/stkg/id/obs_pos_BTR80_20260205T224055Z_64	http://example.org/stkg/sourceRow	"64"^^<http://www.w3.org/2001/XMLSchema#integer>
http://example.org/stkg/id/obs_pos_BTR80_20260205T224056Z_65	http://example.org/stkg/sourceFile	"KG2_201_400.csv"^^<http://www.w3.org/2001/XMLSchema#string>
http://example.org/stkg/id/obs_pos_BTR80_20260205T224056Z_65	http://example.org/stkg/sourceRow	"65"^^<http://www.w3.org/2001/XMLSchema#integer>
http://example.org/stkg/id/obs_pos_BTR80_20260205T224057Z_66	http://example.org/stkg/sourceFile	"KG2_201_400.csv"^^<http://www.w3.org/2001/XMLSchema#string>
http://example.org/stkg/id/obs_pos_BTR80_20260205T224057Z_66	http://example.org/stkg/sourceRow	"66"^^<http://www.w3.org/2001/XMLSchema#integer>
http://example.org/stkg/id/obs_pos_BTR80_20260205T224058Z_67	http://example.org/stkg/sourceFile	"KG2_201_400.csv"^^<http://www.w3.org/2001/XMLSchema#string>
http://example.org/stkg/id/obs_pos_BTR80_20260205T224058Z_67	http://example.org/stkg/sourceRow	"67"^^<http://www.w3.org/2001/XMLSchema#integer>
http://example.org/stkg/id/obs_pos_BTR80_20260205T224059Z_68	http://example.org/stkg/sourceFile	"KG2_201_400.csv"^^<http://www.w3.org/2001/XMLSchema#string>
http://example.org/stkg/id/obs_pos_BTR80_20260205T224059Z_68	http://example.org/stkg/sourceRow	"68"^^<http://www.w3.org/2001/XMLSchema#integer>
http://example.org/stkg/id/obs_pos_BTR80_20260205T224100Z_69	http://example.org/stkg/sourceFile	"KG2_201_400.csv"^^<http://www.w3.org/2001/XMLSchema#string>
http://example.org/stkg/id/obs_pos_BTR80_20260205T224100Z_69	http://example.org/stkg/sourceRow	"69"^^<http://www.w3.org/2001/XMLSchema#integer>
http://example.org/stkg/id/obs_pos_BTR80_20260205T224101Z_70	http://example.org/stkg/sourceFile	"KG2_201_400.csv"^^<http://www.w3.org/2001/XMLSchema#string>
http://example.org/stkg/id/obs_pos_BTR80_20260205T224101Z_70	http://example.org/stkg/sourceRow	"70"^^<http://www.w3.org/2001/XMLSchema#integer>
http://example.org/stkg/id/obs_pos_BTR80_20260205T224102Z_71	http://example.org/stkg/sourceFile	"KG2_201_400.csv"^^<http://www.w3.org/2001/XMLSchema#string>
http://example.org/stkg/id/obs_pos_BTR80_20260205T224102Z_71	http://example.org/stkg/sourceRow	"71"^^<http://www.w3.org/2001/XMLSchema#integer>
http://example.org/stkg/id/obs_pos_BTR80_20260205T224103Z_72	http://example.org/stkg/sourceFile	"KG2_201_400.csv"^^<http://www.w3.org/2001/XMLSchema#string>
http://example.org/stkg/id/obs_pos_BTR80_20260205T224103Z_72	http://example.org/stkg/sourceRow	"72"^^<http://www.w3.org/2001/XMLSchema#integer>
http://example.org/stkg/id/obs_pos_BTR80_20260205T224104Z_73	http://example.org/stkg/sourceFile	"KG2_201_400.csv"^^<http://www.w3.org/2001/XMLSchema#string>
http://example.org/stkg/id/obs_pos_BTR80_20260205T224104Z_73	http://example.org/stkg/sourceRow	"73"^^<http://www.w3.org/2001/XMLSchema#integer>
http://example.org/stkg/id/obs_pos_BTR80_20260205T224105Z_74	http://example.org/stkg/sourceFile	"KG2_201_400.csv"^^<http://www.w3.org/2001/XMLSchema#string>
http://example.org/stkg/id/obs_pos_BTR80_20260205T224105Z_74	http://example.org/stkg/sourceRow	"74"^^<http://www.w3.org/2001/XMLSchema#integer>
http://example.org/stkg/id/obs_pos_BTR80_20260205T224106Z_75	http://example.org/stkg/sourceFile	"KG2_201_400.csv"^^<http://www.w3.org/2001/XMLSchema#string>
http://example.org/stkg/id/obs_pos_BTR80_20260205T224106Z_75	http://example.org/stkg/sourceRow	"75"^^<http://www.w3.org/2001/XMLSchema#integer>
http://example.org/stkg/id/obs_pos_BTR80_20260205T224107Z_76	http://example.org/stkg/sourceFile	"KG2_201_400.csv"^^<http://www.w3.org/2001/XMLSchema#string>
http://example.org/stkg/id/obs_pos_BTR80_20260205T224107Z_76	http://example.org/stkg/sourceRow	"76"^^<http://www.w3.org/2001/XMLSchema#integer>
http://example.org/stkg/id/obs_pos_BTR80_20260205T224108Z_77	http://example.org/stkg/sourceFile	"KG2_201_400.csv"^^<http://www.w3.org/2001/XMLSchema#string>
http://example.org/stkg/id/obs_pos_BTR80_20260205T224108Z_77	http://example.org/stkg/sourceRow	"77"^^<http://www.w3.org/2001/XMLSchema#integer>
http://example.org/stkg/id/obs_pos_BTR80_20260205T224109Z_78	http://example.org/stkg/sourceFile	"KG2_201_400.csv"^^<http://www.w3.org/2001/XMLSchema#string>
http://example.org/stkg/id/obs_pos_BTR80_20260205T224109Z_78	http://example.org/stkg/sourceRow	"78"^^<http://www.w3.org/2001/XMLSchema#integer>
http://example.org/stkg/id/obs_pos_BTR80_20260205T224110Z_79	http://example.org/stkg/sourceFile	"KG2_201_400.csv"^^<http://www.w3.org/2001/XMLSchema#string>
http://example.org/stkg/id/obs_pos_BTR80_20260205T224110Z_79	http://example.org/stkg/sourceRow	"79"^^<http://www.w3.org/2001/XMLSchema#integer>
http://example.org/stkg/id/obs_pos_BTR80_20260205T224111Z_80	http://example.org/stkg/sourceFile	"KG2_201_400.csv"^^<http://www.w3.org/2001/XMLSchema#string>
http://example.org/stkg/id/obs_pos_BTR80_20260205T224111Z_80	http://example.org/stkg/sourceRow	"80"^^<http://www.w3.org/2001/XMLSchema#integer>
http://example.org/stkg/id/obs_pos_BTR80_20260205T224112Z_81	http://example.org/stkg/sourceFile	"KG2_201_400.csv"^^<http://www.w3.org/2001/XMLSchema#string>
http://example.org/stkg/id/obs_pos_BTR80_20260205T224112Z_81	http://example.org/stkg/sourceRow	"81"^^<http://www.w3.org/2001/XMLSchema#integer>
http://example.org/stkg/id/obs_pos_BTR80_20260205T224113Z_82	http://example.org/stkg/sourceFile	"KG2_201_400.csv"^^<http://www.w3.org/2001/XMLSchema#string>
http://example.org/stkg/id/obs_pos_BTR80_20260205T224113Z_82	http://example.org/stkg/sourceRow	"82"^^<http://www.w3.org/2001/XMLSchema#integer>
http://example.org/stkg/id/obs_pos_BTR80_20260205T224114Z_83	http://example.org/stkg/sourceFile	"KG2_201_400.csv"^^<http://www.w3.org/2001/XMLSchema#string>
http://example.org/stkg/id/obs_pos_BTR80_20260205T224114Z_83	http://example.org/stkg/sourceRow	"83"^^<http://www.w3.org/2001/XMLSchema#integer>
http://example.org/stkg/id/obs_pos_BTR80_20260205T224115Z_84	http://example.org/stkg/sourceFile	"KG2_201_400.csv"^^<http://www.w3.org/2001/XMLSchema#string>
http://example.org/stkg/id/obs_pos_BTR80_20260205T224115Z_84	http://example.org/stkg/sourceRow	"84"^^<http://www.w3.org/2001/XMLSchema#integer>
http://example.org/stkg/id/obs_pos_BTR80_20260205T224116Z_85	http://example.org/stkg/sourceFile	"KG2_201_400.csv"^^<http://www.w3.org/2001/XMLSchema#string>
http://example.org/stkg/id/obs_pos_BTR80_20260205T224116Z_85	http://example.org/stkg/sourceRow	"85"^^<http://www.w3.org/2001/XMLSchema#integer>
http://example.org/stkg/id/obs_pos_BTR80_20260205T224117Z_86	http://example.org/stkg/sourceFile	"KG2_201_400.csv"^^<http://www.w3.org/2001/XMLSchema#string>
http://example.org/stkg/id/obs_pos_BTR80_20260205T224117Z_86	http://example.org/stkg/sourceRow	"86"^^<http://www.w3.org/2001/XMLSchema#integer>
http://example.org/stkg/id/obs_pos_BTR80_20260205T224118Z_87	http://example.org/stkg/sourceFile	"KG2_201_400.csv"^^<http://www.w3.org/2001/XMLSchema#string>
http://example.org/stkg/id/obs_pos_BTR80_20260205T224118Z_87	http://example.org/stkg/sourceRow	"87"^^<http://www.w3.org/2001/XMLSchema#integer>
http://example.org/stkg/id/obs_pos_BTR80_20260205T224119Z_88	http://example.org/stkg/sourceFile	"KG2_201_400.csv"^^<http://www.w3.org/2001/XMLSchema#string>
http://example.org/stkg/id/obs_pos_BTR80_20260205T224119Z_88	http://example.org/stkg/sourceRow	"88"^^<http://www.w3.org/2001/XMLSchema#integer>
http://example.org/stkg/id/obs_pos_BTR80_20260205T224120Z_89	http://example.org/stkg/sourceFile	"KG2_201_400.csv"^^<http://www.w3.org/2001/XMLSchema#string>
http://example.org/stkg/id/obs_pos_BTR80_20260205T224120Z_89	http://example.org/stkg/sourceRow	"89"^^<http://www.w3.org/2001/XMLSchema#integer>
http://example.org/stkg/id/obs_pos_BTR80_20260205T224121Z_90	http://example.org/stkg/sourceFile	"KG2_201_400.csv"^^<http://www.w3.org/2001/XMLSchema#string>
http://example.org/stkg/id/obs_pos_BTR80_20260205T224121Z_90	http://example.org/stkg/sourceRow	"90"^^<http://www.w3.org/2001/XMLSchema#integer>
http://example.org/stkg/id/obs_pos_BTR80_20260205T224122Z_91	http://example.org/stkg/sourceFile	"KG2_201_400.csv"^^<http://www.w3.org/2001/XMLSchema#string>
http://example.org/stkg/id/obs_pos_BTR80_20260205T224122Z_91	http://example.org/stkg/sourceRow	"91"^^<http://www.w3.org/2001/XMLSchema#integer>
http://example.org/stkg/id/obs_pos_BTR80_20260205T224123Z_92	http://example.org/stkg/sourceFile	"KG2_201_400.csv"^^<http://www.w3.org/2001/XMLSchema#string>
http://example.org/stkg/id/obs_pos_BTR80_20260205T224123Z_92	http://example.org/stkg/sourceRow	"92"^^<http://www.w3.org/2001/XMLSchema#integer>
http://example.org/stkg/id/obs_pos_BTR80_20260205T224124Z_93	http://example.org/stkg/sourceFile	"KG2_201_400.csv"^^<http://www.w3.org/2001/XMLSchema#string>
http://example.org/stkg/id/obs_pos_BTR80_20260205T224124Z_93	http://example.org/stkg/sourceRow	"93"^^<http://www.w3.org/2001/XMLSchema#integer>
http://example.org/stkg/id/obs_pos_BTR80_20260205T224125Z_94	http://example.org/stkg/sourceFile	"KG2_201_400.csv"^^<http://www.w3.org/2001/XMLSchema#string>
http://example.org/stkg/id/obs_pos_BTR80_20260205T224125Z_94	http://example.org/stkg/sourceRow	"94"^^<http://www.w3.org/2001/XMLSchema#integer>
http://example.org/stkg/id/obs_pos_BTR80_20260205T224126Z_95	http://example.org/stkg/sourceFile	"KG2_201_400.csv"^^<http://www.w3.org/2001/XMLSchema#string>
http://example.org/stkg/id/obs_pos_BTR80_20260205T224126Z_95	http://example.org/stkg/sourceRow	"95"^^<http://www.w3.org/2001/XMLSchema#integer>
http://example.org/stkg/id/obs_pos_BTR80_20260205T224127Z_96	http://example.org/stkg/sourceFile	"KG2_201_400.csv"^^<http://www.w3.org/2001/XMLSchema#string>
http://example.org/stkg/id/obs_pos_BTR80_20260205T224127Z_96	http://example.org/stkg/sourceRow	"96"^^<http://www.w3.org/2001/XMLSchema#integer>
http://example.org/stkg/id/obs_pos_BTR80_20260205T224128Z_97	http://example.org/stkg/sourceFile	"KG2_201_400.csv"^^<http://www.w3.org/2001/XMLSchema#string>
http://example.org/stkg/id/obs_pos_BTR80_20260205T224128Z_97	http://example.org/stkg/sourceRow	"97"^^<http://www.w3.org/2001/XMLSchema#integer>
http://example.org/stkg/id/obs_pos_BTR80_20260205T224129Z_98	http://example.org/stkg/sourceFile	"KG2_201_400.csv"^^<http://www.w3.org/2001/XMLSchema#string>
http://example.org/stkg/id/obs_pos_BTR80_20260205T224129Z_98	http://example.org/stkg/sourceRow	"98"^^<http://www.w3.org/2001/XMLSchema#integer>
http://example.org/stkg/id/obs_pos_BTR80_20260205T224130Z_99	http://example.org/stkg/sourceFile	"KG2_201_400.csv"^^<http://www.w3.org/2001/XMLSchema#string>
http://example.org/stkg/id/obs_pos_BTR80_20260205T224130Z_99	http://example.org/stkg/sourceRow	"99"^^<http://www.w3.org/2001/XMLSchema#integer>
http://example.org/stkg/id/obs_pos_BTR80_20260205T224131Z_100	http://example.org/stkg/sourceFile	"KG2_201_400.csv"^^<http://www.w3.org/2001/XMLSchema#string>
http://example.org/stkg/id/obs_pos_BTR80_20260205T224131Z_100	http://example.org/stkg/sourceRow	"100"^^<http://www.w3.org/2001/XMLSchema#integer>
http://example.org/stkg/id/obs_pos_BTR80_20260205T224132Z_101	http://example.org/stkg/sourceFile	"KG2_201_400.csv"^^<http://www.w3.org/2001/XMLSchema#string>
http://example.org/stkg/id/obs_pos_BTR80_20260205T224132Z_101	http://example.org/stkg/sourceRow	"101"^^<http://www.w3.org/2001/XMLSchema#integer>
http://example.org/stkg/id/obs_pos_BTR80_20260205T224133Z_102	http://example.org/stkg/sourceFile	"KG2_201_400.csv"^^<http://www.w3.org/2001/XMLSchema#string>
http://example.org/stkg/id/obs_pos_BTR80_20260205T224133Z_102	http://example.org/stkg/sourceRow	"102"^^<http://www.w3.org/2001/XMLSchema#integer>
http://example.org/stkg/id/obs_pos_BTR80_20260205T224134Z_103	http://example.org/stkg/sourceFile	"KG2_201_400.csv"^^<http://www.w3.org/2001/XMLSchema#string>
http://example.org/stkg/id/obs_pos_BTR80_20260205T224134Z_103	http://example.org/stkg/sourceRow	"103"^^<http://www.w3.org/2001/XMLSchema#integer>
http://example.org/stkg/id/obs_pos_BTR80_20260205T224135Z_104	http://example.org/stkg/sourceFile	"KG2_201_400.csv"^^<http://www.w3.org/2001/XMLSchema#string>
http://example.org/stkg/id/obs_pos_BTR80_20260205T224135Z_104	http://example.org/stkg/sourceRow	"104"^^<http://www.w3.org/2001/XMLSchema#integer>
http://example.org/stkg/id/obs_pos_BTR80_20260205T224136Z_105	http://example.org/stkg/sourceFile	"KG2_201_400.csv"^^<http://www.w3.org/2001/XMLSchema#string>
http://example.org/stkg/id/obs_pos_BTR80_20260205T224136Z_105	http://example.org/stkg/sourceRow	"105"^^<http://www.w3.org/2001/XMLSchema#integer>
http://example.org/stkg/id/obs_pos_BTR80_20260205T224137Z_106	http://example.org/stkg/sourceFile	"KG2_201_400.csv"^^<http://www.w3.org/2001/XMLSchema#string>
http://example.org/stkg/id/obs_pos_BTR80_20260205T224137Z_106	http://example.org/stkg/sourceRow	"106"^^<http://www.w3.org/2001/XMLSchema#integer>
http://example.org/stkg/id/obs_pos_BTR80_20260205T224138Z_107	http://example.org/stkg/sourceFile	"KG2_201_400.csv"^^<http://www.w3.org/2001/XMLSchema#string>
http://example.org/stkg/id/obs_pos_BTR80_20260205T224138Z_107	http://example.org/stkg/sourceRow	"107"^^<http://www.w3.org/2001/XMLSchema#integer>
http://example.org/stkg/id/obs_pos_BTR80_20260205T224139Z_108	http://example.org/stkg/sourceFile	"KG2_201_400.csv"^^<http://www.w3.org/2001/XMLSchema#string>
http://example.org/stkg/id/obs_pos_BTR80_20260205T224139Z_108	http://example.org/stkg/sourceRow	"108"^^<http://www.w3.org/2001/XMLSchema#integer>
http://example.org/stkg/id/obs_pos_BTR80_20260205T224140Z_109	http://example.org/stkg/sourceFile	"KG2_201_400.csv"^^<http://www.w3.org/2001/XMLSchema#string>
http://example.org/stkg/id/obs_pos_BTR80_20260205T224140Z_109	http://example.org/stkg/sourceRow	"109"^^<http://www.w3.org/2001/XMLSchema#integer>
http://example.org/stkg/id/obs_pos_BTR80_20260205T224141Z_110	http://example.org/stkg/sourceFile	"KG2_201_400.csv"^^<http://www.w3.org/2001/XMLSchema#string>
http://example.org/stkg/id/obs_pos_BTR80_20260205T224141Z_110	http://example.org/stkg/sourceRow	"110"^^<http://www.w3.org/2001/XMLSchema#integer>
http://example.org/stkg/id/obs_pos_BTR80_20260205T224142Z_111	http://example.org/stkg/sourceFile	"KG2_201_400.csv"^^<http://www.w3.org/2001/XMLSchema#string>
http://example.org/stkg/id/obs_pos_BTR80_20260205T224142Z_111	http://example.org/stkg/sourceRow	"111"^^<http://www.w3.org/2001/XMLSchema#integer>
http://example.org/stkg/id/obs_pos_BTR80_20260205T224143Z_112	http://example.org/stkg/sourceFile	"KG2_201_400.csv"^^<http://www.w3.org/2001/XMLSchema#string>
http://example.org/stkg/id/obs_pos_BTR80_20260205T224143Z_112	http://example.org/stkg/sourceRow	"112"^^<http://www.w3.org/2001/XMLSchema#integer>
http://example.org/stkg/id/obs_pos_BTR80_20260205T224144Z_113	http://example.org/stkg/sourceFile	"KG2_201_400.csv"^^<http://www.w3.org/2001/XMLSchema#string>
http://example.org/stkg/id/obs_pos_BTR80_20260205T224144Z_113	http://example.org/stkg/sourceRow	"113"^^<http://www.w3.org/2001/XMLSchema#integer>
http://example.org/stkg/id/obs_pos_BTR80_20260205T224145Z_114	http://example.org/stkg/sourceFile	"KG2_201_400.csv"^^<http://www.w3.org/2001/XMLSchema#string>
http://example.org/stkg/id/obs_pos_BTR80_20260205T224145Z_114	http://example.org/stkg/sourceRow	"114"^^<http://www.w3.org/2001/XMLSchema#integer>
http://example.org/stkg/id/obs_pos_BTR80_20260205T224146Z_115	http://example.org/stkg/sourceFile	"KG2_201_400.csv"^^<http://www.w3.org/2001/XMLSchema#string>
http://example.org/stkg/id/obs_pos_BTR80_20260205T224146Z_115	http://example.org/stkg/sourceRow	"115"^^<http://www.w3.org/2001/XMLSchema#integer>
http://example.org/stkg/id/obs_pos_BTR80_20260205T224147Z_116	http://example.org/stkg/sourceFile	"KG2_201_400.csv"^^<http://www.w3.org/2001/XMLSchema#string>
http://example.org/stkg/id/obs_pos_BTR80_20260205T224147Z_116	http://example.org/stkg/sourceRow	"116"^^<http://www.w3.org/2001/XMLSchema#integer>
http://example.org/stkg/id/obs_pos_BTR80_20260205T224148Z_117	http://example.org/stkg/sourceFile	"KG2_201_400.csv"^^<http://www.w3.org/2001/XMLSchema#string>
http://example.org/stkg/id/obs_pos_BTR80_20260205T224148Z_117	http://example.org/stkg/sourceRow	"117"^^<http://www.w3.org/2001/XMLSchema#integer>
http://example.org/stkg/id/obs_pos_BTR80_20260205T224149Z_118	http://example.org/stkg/sourceFile	"KG2_201_400.csv"^^<http://www.w3.org/2001/XMLSchema#string>
http://example.org/stkg/id/obs_pos_BTR80_20260205T224149Z_118	http://example.org/stkg/sourceRow	"118"^^<http://www.w3.org/2001/XMLSchema#integer>
http://example.org/stkg/id/obs_pos_BTR80_20260205T224150Z_119	http://example.org/stkg/sourceFile	"KG2_201_400.csv"^^<http://www.w3.org/2001/XMLSchema#string>
http://example.org/stkg/id/obs_pos_BTR80_20260205T224150Z_119	http://example.org/stkg/sourceRow	"119"^^<http://www.w3.org/2001/XMLSchema#integer>
http://example.org/stkg/id/obs_pos_BTR80_20260205T224151Z_120	http://example.org/stkg/sourceFile	"KG2_201_400.csv"^^<http://www.w3.org/2001/XMLSchema#string>
http://example.org/stkg/id/obs_pos_BTR80_20260205T224151Z_120	http://example.org/stkg/sourceRow	"120"^^<http://www.w3.org/2001/XMLSchema#integer>
http://example.org/stkg/id/obs_pos_BTR80_20260205T224152Z_121	http://example.org/stkg/sourceFile	"KG2_201_400.csv"^^<http://www.w3.org/2001/XMLSchema#string>
http://example.org/stkg/id/obs_pos_BTR80_20260205T224152Z_121	http://example.org/stkg/sourceRow	"121"^^<http://www.w3.org/2001/XMLSchema#integer>
http://example.org/stkg/id/obs_pos_BTR80_20260205T224153Z_122	http://example.org/stkg/sourceFile	"KG2_201_400.csv"^^<http://www.w3.org/2001/XMLSchema#string>
http://example.org/stkg/id/obs_pos_BTR80_20260205T224153Z_122	http://example.org/stkg/sourceRow	"122"^^<http://www.w3.org/2001/XMLSchema#integer>
http://example.org/stkg/id/obs_pos_BTR80_20260205T224154Z_123	http://example.org/stkg/sourceFile	"KG2_201_400.csv"^^<http://www.w3.org/2001/XMLSchema#string>
http://example.org/stkg/id/obs_pos_BTR80_20260205T224154Z_123	http://example.org/stkg/sourceRow	"123"^^<http://www.w3.org/2001/XMLSchema#integer>
http://example.org/stkg/id/obs_pos_BTR80_20260205T224155Z_124	http://example.org/stkg/sourceFile	"KG2_201_400.csv"^^<http://www.w3.org/2001/XMLSchema#string>
http://example.org/stkg/id/obs_pos_BTR80_20260205T224155Z_124	http://example.org/stkg/sourceRow	"124"^^<http://www.w3.org/2001/XMLSchema#integer>
http://example.org/stkg/id/obs_pos_BTR80_20260205T224156Z_125	http://example.org/stkg/sourceFile	"KG2_201_400.csv"^^<http://www.w3.org/2001/XMLSchema#string>
http://example.org/stkg/id/obs_pos_BTR80_20260205T224156Z_125	http://example.org/stkg/sourceRow	"125"^^<http://www.w3.org/2001/XMLSchema#integer>
http://example.org/stkg/id/obs_pos_BTR80_20260205T224157Z_126	http://example.org/stkg/sourceFile	"KG2_201_400.csv"^^<http://www.w3.org/2001/XMLSchema#string>
http://example.org/stkg/id/obs_pos_BTR80_20260205T224157Z_126	http://example.org/stkg/sourceRow	"126"^^<http://www.w3.org/2001/XMLSchema#integer>
http://example.org/stkg/id/obs_pos_BTR80_20260205T224158Z_127	http://example.org/stkg/sourceFile	"KG2_201_400.csv"^^<http://www.w3.org/2001/XMLSchema#string>
http://example.org/stkg/id/obs_pos_BTR80_20260205T224158Z_127	http://example.org/stkg/sourceRow	"127"^^<http://www.w3.org/2001/XMLSchema#integer>
http://example.org/stkg/id/obs_pos_BTR80_20260205T224159Z_128	http://example.org/stkg/sourceFile	"KG2_201_400.csv"^^<http://www.w3.org/2001/XMLSchema#string>
http://example.org/stkg/id/obs_pos_BTR80_20260205T224159Z_128	http://example.org/stkg/sourceRow	"128"^^<http://www.w3.org/2001/XMLSchema#integer>
http://example.org/stkg/id/obs_pos_BTR80_20260205T224200Z_129	http://example.org/stkg/sourceFile	"KG2_201_400.csv"^^<http://www.w3.org/2001/XMLSchema#string>
http://example.org/stkg/id/obs_pos_BTR80_20260205T224200Z_129	http://example.org/stkg/sourceRow	"129"^^<http://www.w3.org/2001/XMLSchema#integer>
http://example.org/stkg/id/obs_pos_BTR80_20260205T224201Z_130	http://example.org/stkg/sourceFile	"KG2_201_400.csv"^^<http://www.w3.org/2001/XMLSchema#string>
http://example.org/stkg/id/obs_pos_BTR80_20260205T224201Z_130	http://example.org/stkg/sourceRow	"130"^^<http://www.w3.org/2001/XMLSchema#integer>
http://example.org/stkg/id/obs_pos_BTR80_20260205T224202Z_131	http://example.org/stkg/sourceFile	"KG2_201_400.csv"^^<http://www.w3.org/2001/XMLSchema#string>
http://example.org/stkg/id/obs_pos_BTR80_20260205T224202Z_131	http://example.org/stkg/sourceRow	"131"^^<http://www.w3.org/2001/XMLSchema#integer>
http://example.org/stkg/id/obs_pos_BTR80_20260205T224203Z_132	http://example.org/stkg/sourceFile	"KG2_201_400.csv"^^<http://www.w3.org/2001/XMLSchema#string>
http://example.org/stkg/id/obs_pos_BTR80_20260205T224203Z_132	http://example.org/stkg/sourceRow	"132"^^<http://www.w3.org/2001/XMLSchema#integer>
http://example.org/stkg/id/obs_pos_BTR80_20260205T224204Z_133	http://example.org/stkg/sourceFile	"KG2_201_400.csv"^^<http://www.w3.org/2001/XMLSchema#string>
http://example.org/stkg/id/obs_pos_BTR80_20260205T224204Z_133	http://example.org/stkg/sourceRow	"133"^^<http://www.w3.org/2001/XMLSchema#integer>
http://example.org/stkg/id/obs_pos_BTR80_20260205T224205Z_134	http://example.org/stkg/sourceFile	"KG2_201_400.csv"^^<http://www.w3.org/2001/XMLSchema#string>
http://example.org/stkg/id/obs_pos_BTR80_20260205T224205Z_134	http://example.org/stkg/sourceRow	"134"^^<http://www.w3.org/2001/XMLSchema#integer>
http://example.org/stkg/id/obs_pos_BTR80_20260205T224206Z_135	http://example.org/stkg/sourceFile	"KG2_201_400.csv"^^<http://www.w3.org/2001/XMLSchema#string>
http://example.org/stkg/id/obs_pos_BTR80_20260205T224206Z_135	http://example.org/stkg/sourceRow	"135"^^<http://www.w3.org/2001/XMLSchema#integer>
http://example.org/stkg/id/obs_pos_BTR80_20260205T224207Z_136	http://example.org/stkg/sourceFile	"KG2_201_400.csv"^^<http://www.w3.org/2001/XMLSchema#string>
http://example.org/stkg/id/obs_pos_BTR80_20260205T224207Z_136	http://example.org/stkg/sourceRow	"136"^^<http://www.w3.org/2001/XMLSchema#integer>
http://example.org/stkg/id/obs_pos_BTR80_20260205T224208Z_137	http://example.org/stkg/sourceFile	"KG2_201_400.csv"^^<http://www.w3.org/2001/XMLSchema#string>
http://example.org/stkg/id/obs_pos_BTR80_20260205T224208Z_137	http://example.org/stkg/sourceRow	"137"^^<http://www.w3.org/2001/XMLSchema#integer>
http://example.org/stkg/id/obs_pos_BTR80_20260205T224209Z_138	http://example.org/stkg/sourceFile	"KG2_201_400.csv"^^<http://www.w3.org/2001/XMLSchema#string>
http://example.org/stkg/id/obs_pos_BTR80_20260205T224209Z_138	http://example.org/stkg/sourceRow	"138"^^<http://www.w3.org/2001/XMLSchema#integer>
http://example.org/stkg/id/obs_pos_BTR80_20260205T224210Z_139	http://example.org/stkg/sourceFile	"KG2_201_400.csv"^^<http://www.w3.org/2001/XMLSchema#string>
http://example.org/stkg/id/obs_pos_BTR80_20260205T224210Z_139	http://example.org/stkg/sourceRow	"139"^^<http://www.w3.org/2001/XMLSchema#integer>
http://example.org/stkg/id/obs_pos_BTR80_20260205T224211Z_140	http://example.org/stkg/sourceFile	"KG2_201_400.csv"^^<http://www.w3.org/2001/XMLSchema#string>
http://example.org/stkg/id/obs_pos_BTR80_20260205T224211Z_140	http://example.org/stkg/sourceRow	"140"^^<http://www.w3.org/2001/XMLSchema#integer>
http://example.org/stkg/id/obs_pos_BTR80_20260205T224212Z_141	http://example.org/stkg/sourceFile	"KG2_201_400.csv"^^<http://www.w3.org/2001/XMLSchema#string>
http://example.org/stkg/id/obs_pos_BTR80_20260205T224212Z_141	http://example.org/stkg/sourceRow	"141"^^<http://www.w3.org/2001/XMLSchema#integer>
http://example.org/stkg/id/obs_pos_BTR80_20260205T224213Z_142	http://example.org/stkg/sourceFile	"KG2_201_400.csv"^^<http://www.w3.org/2001/XMLSchema#string>
http://example.org/stkg/id/obs_pos_BTR80_20260205T224213Z_142	http://example.org/stkg/sourceRow	"142"^^<http://www.w3.org/2001/XMLSchema#integer>
http://example.org/stkg/id/obs_pos_BTR80_20260205T224214Z_143	http://example.org/stkg/sourceFile	"KG2_201_400.csv"^^<http://www.w3.org/2001/XMLSchema#string>
http://example.org/stkg/id/obs_pos_BTR80_20260205T224214Z_143	http://example.org/stkg/sourceRow	"143"^^<http://www.w3.org/2001/XMLSchema#integer>
http://example.org/stkg/id/obs_pos_BTR80_20260205T224215Z_144	http://example.org/stkg/sourceFile	"KG2_201_400.csv"^^<http://www.w3.org/2001/XMLSchema#string>
http://example.org/stkg/id/obs_pos_BTR80_20260205T224215Z_144	http://example.org/stkg/sourceRow	"144"^^<http://www.w3.org/2001/XMLSchema#integer>
http://example.org/stkg/id/obs_pos_BTR80_20260205T224216Z_145	http://example.org/stkg/sourceFile	"KG2_201_400.csv"^^<http://www.w3.org/2001/XMLSchema#string>
http://example.org/stkg/id/obs_pos_BTR80_20260205T224216Z_145	http://example.org/stkg/sourceRow	"145"^^<http://www.w3.org/2001/XMLSchema#integer>
http://example.org/stkg/id/obs_pos_BTR80_20260205T224217Z_146	http://example.org/stkg/sourceFile	"KG2_201_400.csv"^^<http://www.w3.org/2001/XMLSchema#string>
http://example.org/stkg/id/obs_pos_BTR80_20260205T224217Z_146	http://example.org/stkg/sourceRow	"146"^^<http://www.w3.org/2001/XMLSchema#integer>
http://example.org/stkg/id/obs_pos_BTR80_20260205T224218Z_147	http://example.org/stkg/sourceFile	"KG2_201_400.csv"^^<http://www.w3.org/2001/XMLSchema#string>
http://example.org/stkg/id/obs_pos_BTR80_20260205T224218Z_147	http://example.org/stkg/sourceRow	"147"^^<http://www.w3.org/2001/XMLSchema#integer>
http://example.org/stkg/id/obs_pos_BTR80_20260205T224219Z_148	http://example.org/stkg/sourceFile	"KG2_201_400.csv"^^<http://www.w3.org/2001/XMLSchema#string>
http://example.org/stkg/id/obs_pos_BTR80_20260205T224219Z_148	http://example.org/stkg/sourceRow	"148"^^<http://www.w3.org/2001/XMLSchema#integer>
http://example.org/stkg/id/obs_pos_BTR80_20260205T224220Z_149	http://example.org/stkg/sourceFile	"KG2_201_400.csv"^^<http://www.w3.org/2001/XMLSchema#string>
http://example.org/stkg/id/obs_pos_BTR80_20260205T224220Z_149	http://example.org/stkg/sourceRow	"149"^^<http://www.w3.org/2001/XMLSchema#integer>
http://example.org/stkg/id/obs_pos_BTR80_20260205T224221Z_150	http://example.org/stkg/sourceFile	"KG2_201_400.csv"^^<http://www.w3.org/2001/XMLSchema#string>
http://example.org/stkg/id/obs_pos_BTR80_20260205T224221Z_150	http://example.org/stkg/sourceRow	"150"^^<http://www.w3.org/2001/XMLSchema#integer>
http://example.org/stkg/id/obs_pos_BTR80_20260205T224222Z_151	http://example.org/stkg/sourceFile	"KG2_201_400.csv"^^<http://www.w3.org/2001/XMLSchema#string>
http://example.org/stkg/id/obs_pos_BTR80_20260205T224222Z_151	http://example.org/stkg/sourceRow	"151"^^<http://www.w3.org/2001/XMLSchema#integer>
http://example.org/stkg/id/obs_pos_BTR80_20260205T224223Z_152	http://example.org/stkg/sourceFile	"KG2_201_400.csv"^^<http://www.w3.org/2001/XMLSchema#string>
http://example.org/stkg/id/obs_pos_BTR80_20260205T224223Z_152	http://example.org/stkg/sourceRow	"152"^^<http://www.w3.org/2001/XMLSchema#integer>
http://example.org/stkg/id/obs_pos_BTR80_20260205T224224Z_153	http://example.org/stkg/sourceFile	"KG2_201_400.csv"^^<http://www.w3.org/2001/XMLSchema#string>
http://example.org/stkg/id/obs_pos_BTR80_20260205T224224Z_153	http://example.org/stkg/sourceRow	"153"^^<http://www.w3.org/2001/XMLSchema#integer>
http://example.org/stkg/id/obs_pos_BTR80_20260205T224225Z_154	http://example.org/stkg/sourceFile	"KG2_201_400.csv"^^<http://www.w3.org/2001/XMLSchema#string>
http://example.org/stkg/id/obs_pos_BTR80_20260205T224225Z_154	http://example.org/stkg/sourceRow	"154"^^<http://www.w3.org/2001/XMLSchema#integer>
http://example.org/stkg/id/obs_pos_BTR80_20260205T224226Z_155	http://example.org/stkg/sourceFile	"KG2_201_400.csv"^^<http://www.w3.org/2001/XMLSchema#string>
http://example.org/stkg/id/obs_pos_BTR80_20260205T224226Z_155	http://example.org/stkg/sourceRow	"155"^^<http://www.w3.org/2001/XMLSchema#integer>
http://example.org/stkg/id/obs_pos_BTR80_20260205T224227Z_156	http://example.org/stkg/sourceFile	"KG2_201_400.csv"^^<http://www.w3.org/2001/XMLSchema#string>
http://example.org/stkg/id/obs_pos_BTR80_20260205T224227Z_156	http://example.org/stkg/sourceRow	"156"^^<http://www.w3.org/2001/XMLSchema#integer>
http://example.org/stkg/id/obs_pos_BTR80_20260205T224228Z_157	http://example.org/stkg/sourceFile	"KG2_201_400.csv"^^<http://www.w3.org/2001/XMLSchema#string>
http://example.org/stkg/id/obs_pos_BTR80_20260205T224228Z_157	http://example.org/stkg/sourceRow	"157"^^<http://www.w3.org/2001/XMLSchema#integer>
http://example.org/stkg/id/obs_pos_BTR80_20260205T224229Z_158	http://example.org/stkg/sourceFile	"KG2_201_400.csv"^^<http://www.w3.org/2001/XMLSchema#string>
http://example.org/stkg/id/obs_pos_BTR80_20260205T224229Z_158	http://example.org/stkg/sourceRow	"158"^^<http://www.w3.org/2001/XMLSchema#integer>
http://example.org/stkg/id/obs_pos_BTR80_20260205T224230Z_159	http://example.org/stkg/sourceFile	"KG2_201_400.csv"^^<http://www.w3.org/2001/XMLSchema#string>
http://example.org/stkg/id/obs_pos_BTR80_20260205T224230Z_159	http://example.org/stkg/sourceRow	"159"^^<http://www.w3.org/2001/XMLSchema#integer>
http://example.org/stkg/id/obs_pos_BTR80_20260205T224231Z_160	http://example.org/stkg/sourceFile	"KG2_201_400.csv"^^<http://www.w3.org/2001/XMLSchema#string>
http://example.org/stkg/id/obs_pos_BTR80_20260205T224231Z_160	http://example.org/stkg/sourceRow	"160"^^<http://www.w3.org/2001/XMLSchema#integer>
http://example.org/stkg/id/obs_pos_BTR80_20260205T224232Z_161	http://example.org/stkg/sourceFile	"KG2_201_400.csv"^^<http://www.w3.org/2001/XMLSchema#string>
http://example.org/stkg/id/obs_pos_BTR80_20260205T224232Z_161	http://example.org/stkg/sourceRow	"161"^^<http://www.w3.org/2001/XMLSchema#integer>
http://example.org/stkg/id/obs_pos_BTR80_20260205T224233Z_162	http://example.org/stkg/sourceFile	"KG2_201_400.csv"^^<http://www.w3.org/2001/XMLSchema#string>
http://example.org/stkg/id/obs_pos_BTR80_20260205T224233Z_162	http://example.org/stkg/sourceRow	"162"^^<http://www.w3.org/2001/XMLSchema#integer>
http://example.org/stkg/id/obs_pos_BTR80_20260205T224234Z_163	http://example.org/stkg/sourceFile	"KG2_201_400.csv"^^<http://www.w3.org/2001/XMLSchema#string>
http://example.org/stkg/id/obs_pos_BTR80_20260205T224234Z_163	http://example.org/stkg/sourceRow	"163"^^<http://www.w3.org/2001/XMLSchema#integer>
http://example.org/stkg/id/obs_pos_BTR80_20260205T224235Z_164	http://example.org/stkg/sourceFile	"KG2_201_400.csv"^^<http://www.w3.org/2001/XMLSchema#string>
http://example.org/stkg/id/obs_pos_BTR80_20260205T224235Z_164	http://example.org/stkg/sourceRow	"164"^^<http://www.w3.org/2001/XMLSchema#integer>
http://example.org/stkg/id/obs_pos_BTR80_20260205T224236Z_165	http://example.org/stkg/sourceFile	"KG2_201_400.csv"^^<http://www.w3.org/2001/XMLSchema#string>
http://example.org/stkg/id/obs_pos_BTR80_20260205T224236Z_165	http://example.org/stkg/sourceRow	"165"^^<http://www.w3.org/2001/XMLSchema#integer>
http://example.org/stkg/id/obs_pos_BTR80_20260205T224237Z_166	http://example.org/stkg/sourceFile	"KG2_201_400.csv"^^<http://www.w3.org/2001/XMLSchema#string>
http://example.org/stkg/id/obs_pos_BTR80_20260205T224237Z_166	http://example.org/stkg/sourceRow	"166"^^<http://www.w3.org/2001/XMLSchema#integer>
http://example.org/stkg/id/obs_pos_BTR80_20260205T224238Z_167	http://example.org/stkg/sourceFile	"KG2_201_400.csv"^^<http://www.w3.org/2001/XMLSchema#string>
http://example.org/stkg/id/obs_pos_BTR80_20260205T224238Z_167	http://example.org/stkg/sourceRow	"167"^^<http://www.w3.org/2001/XMLSchema#integer>
http://example.org/stkg/id/obs_pos_BTR80_20260205T224239Z_168	http://example.org/stkg/sourceFile	"KG2_201_400.csv"^^<http://www.w3.org/2001/XMLSchema#string>
http://example.org/stkg/id/obs_pos_BTR80_20260205T224239Z_168	http://example.org/stkg/sourceRow	"168"^^<http://www.w3.org/2001/XMLSchema#integer>
http://example.org/stkg/id/obs_pos_BTR80_20260205T224240Z_169	http://example.org/stkg/sourceFile	"KG2_201_400.csv"^^<http://www.w3.org/2001/XMLSchema#string>
http://example.org/stkg/id/obs_pos_BTR80_20260205T224240Z_169	http://example.org/stkg/sourceRow	"169"^^<http://www.w3.org/2001/XMLSchema#integer>
http://example.org/stkg/id/obs_pos_BTR80_20260205T224241Z_170	http://example.org/stkg/sourceFile	"KG2_201_400.csv"^^<http://www.w3.org/2001/XMLSchema#string>
http://example.org/stkg/id/obs_pos_BTR80_20260205T224241Z_170	http://example.org/stkg/sourceRow	"170"^^<http://www.w3.org/2001/XMLSchema#integer>
http://example.org/stkg/id/obs_pos_BTR80_20260205T224242Z_171	http://example.org/stkg/sourceFile	"KG2_201_400.csv"^^<http://www.w3.org/2001/XMLSchema#string>
http://example.org/stkg/id/obs_pos_BTR80_20260205T224242Z_171	http://example.org/stkg/sourceRow	"171"^^<http://www.w3.org/2001/XMLSchema#integer>
http://example.org/stkg/id/obs_pos_BTR80_20260205T224243Z_172	http://example.org/stkg/sourceFile	"KG2_201_400.csv"^^<http://www.w3.org/2001/XMLSchema#string>
http://example.org/stkg/id/obs_pos_BTR80_20260205T224243Z_172	http://example.org/stkg/sourceRow	"172"^^<http://www.w3.org/2001/XMLSchema#integer>
http://example.org/stkg/id/obs_pos_BTR80_20260205T224244Z_173	http://example.org/stkg/sourceFile	"KG2_201_400.csv"^^<http://www.w3.org/2001/XMLSchema#string>
http://example.org/stkg/id/obs_pos_BTR80_20260205T224244Z_173	http://example.org/stkg/sourceRow	"173"^^<http://www.w3.org/2001/XMLSchema#integer>
http://example.org/stkg/id/obs_pos_BTR80_20260205T224245Z_174	http://example.org/stkg/sourceFile	"KG2_201_400.csv"^^<http://www.w3.org/2001/XMLSchema#string>
http://example.org/stkg/id/obs_pos_BTR80_20260205T224245Z_174	http://example.org/stkg/sourceRow	"174"^^<http://www.w3.org/2001/XMLSchema#integer>
http://example.org/stkg/id/obs_pos_BTR80_20260205T224246Z_175	http://example.org/stkg/sourceFile	"KG2_201_400.csv"^^<http://www.w3.org/2001/XMLSchema#string>
http://example.org/stkg/id/obs_pos_BTR80_20260205T224246Z_175	http://example.org/stkg/sourceRow	"175"^^<http://www.w3.org/2001/XMLSchema#integer>
http://example.org/stkg/id/obs_pos_BTR80_20260205T224247Z_176	http://example.org/stkg/sourceFile	"KG2_201_400.csv"^^<http://www.w3.org/2001/XMLSchema#string>
http://example.org/stkg/id/obs_pos_BTR80_20260205T224247Z_176	http://example.org/stkg/sourceRow	"176"^^<http://www.w3.org/2001/XMLSchema#integer>
http://example.org/stkg/id/obs_pos_BTR80_20260205T224248Z_177	http://example.org/stkg/sourceFile	"KG2_201_400.csv"^^<http://www.w3.org/2001/XMLSchema#string>
http://example.org/stkg/id/obs_pos_BTR80_20260205T224248Z_177	http://example.org/stkg/sourceRow	"177"^^<http://www.w3.org/2001/XMLSchema#integer>
http://example.org/stkg/id/obs_pos_BTR80_20260205T224249Z_178	http://example.org/stkg/sourceFile	"KG2_201_400.csv"^^<http://www.w3.org/2001/XMLSchema#string>
http://example.org/stkg/id/obs_pos_BTR80_20260205T224249Z_178	http://example.org/stkg/sourceRow	"178"^^<http://www.w3.org/2001/XMLSchema#integer>
http://example.org/stkg/id/obs_pos_BTR80_20260205T224250Z_179	http://example.org/stkg/sourceFile	"KG2_201_400.csv"^^<http://www.w3.org/2001/XMLSchema#string>
http://example.org/stkg/id/obs_pos_BTR80_20260205T224250Z_179	http://example.org/stkg/sourceRow	"179"^^<http://www.w3.org/2001/XMLSchema#integer>
http://example.org/stkg/id/obs_pos_BTR80_20260205T224251Z_180	http://example.org/stkg/sourceFile	"KG2_201_400.csv"^^<http://www.w3.org/2001/XMLSchema#string>
http://example.org/stkg/id/obs_pos_BTR80_20260205T224251Z_180	http://example.org/stkg/sourceRow	"180"^^<http://www.w3.org/2001/XMLSchema#integer>
http://example.org/stkg/id/obs_pos_BTR80_20260205T224252Z_181	http://example.org/stkg/sourceFile	"KG2_201_400.csv"^^<http://www.w3.org/2001/XMLSchema#string>
http://example.org/stkg/id/obs_pos_BTR80_20260205T224252Z_181	http://example.org/stkg/sourceRow	"181"^^<http://www.w3.org/2001/XMLSchema#integer>
http://example.org/stkg/id/obs_pos_BTR80_20260205T224253Z_182	http://example.org/stkg/sourceFile	"KG2_201_400.csv"^^<http://www.w3.org/2001/XMLSchema#string>
http://example.org/stkg/id/obs_pos_BTR80_20260205T224253Z_182	http://example.org/stkg/sourceRow	"182"^^<http://www.w3.org/2001/XMLSchema#integer>
http://example.org/stkg/id/obs_pos_BTR80_20260205T224254Z_183	http://example.org/stkg/sourceFile	"KG2_201_400.csv"^^<http://www.w3.org/2001/XMLSchema#string>
http://example.org/stkg/id/obs_pos_BTR80_20260205T224254Z_183	http://example.org/stkg/sourceRow	"183"^^<http://www.w3.org/2001/XMLSchema#integer>
http://example.org/stkg/id/obs_pos_BTR80_20260205T224255Z_184	http://example.org/stkg/sourceFile	"KG2_201_400.csv"^^<http://www.w3.org/2001/XMLSchema#string>
http://example.org/stkg/id/obs_pos_BTR80_20260205T224255Z_184	http://example.org/stkg/sourceRow	"184"^^<http://www.w3.org/2001/XMLSchema#integer>
http://example.org/stkg/id/obs_pos_BTR80_20260205T224256Z_185	http://example.org/stkg/sourceFile	"KG2_201_400.csv"^^<http://www.w3.org/2001/XMLSchema#string>
http://example.org/stkg/id/obs_pos_BTR80_20260205T224256Z_185	http://example.org/stkg/sourceRow	"185"^^<http://www.w3.org/2001/XMLSchema#integer>
http://example.org/stkg/id/obs_pos_BTR80_20260205T224257Z_186	http://example.org/stkg/sourceFile	"KG2_201_400.csv"^^<http://www.w3.org/2001/XMLSchema#string>
http://example.org/stkg/id/obs_pos_BTR80_20260205T224257Z_186	http://example.org/stkg/sourceRow	"186"^^<http://www.w3.org/2001/XMLSchema#integer>
http://example.org/stkg/id/obs_pos_BTR80_20260205T224258Z_187	http://example.org/stkg/sourceFile	"KG2_201_400.csv"^^<http://www.w3.org/2001/XMLSchema#string>
http://example.org/stkg/id/obs_pos_BTR80_20260205T224258Z_187	http://example.org/stkg/sourceRow	"187"^^<http://www.w3.org/2001/XMLSchema#integer>
http://example.org/stkg/id/obs_pos_BTR80_20260205T224259Z_188	http://example.org/stkg/sourceFile	"KG2_201_400.csv"^^<http://www.w3.org/2001/XMLSchema#string>
http://example.org/stkg/id/obs_pos_BTR80_20260205T224259Z_188	http://example.org/stkg/sourceRow	"188"^^<http://www.w3.org/2001/XMLSchema#integer>
http://example.org/stkg/id/obs_pos_BTR80_20260205T224300Z_189	http://example.org/stkg/sourceFile	"KG2_201_400.csv"^^<http://www.w3.org/2001/XMLSchema#string>
http://example.org/stkg/id/obs_pos_BTR80_20260205T224300Z_189	http://example.org/stkg/sourceRow	"189"^^<http://www.w3.org/2001/XMLSchema#integer>
http://example.org/stkg/id/obs_pos_BTR80_20260205T224301Z_190	http://example.org/stkg/sourceFile	"KG2_201_400.csv"^^<http://www.w3.org/2001/XMLSchema#string>
http://example.org/stkg/id/obs_pos_BTR80_20260205T224301Z_190	http://example.org/stkg/sourceRow	"190"^^<http://www.w3.org/2001/XMLSchema#integer>
http://example.org/stkg/id/obs_pos_BTR80_20260205T224302Z_191	http://example.org/stkg/sourceFile	"KG2_201_400.csv"^^<http://www.w3.org/2001/XMLSchema#string>
http://example.org/stkg/id/obs_pos_BTR80_20260205T224302Z_191	http://example.org/stkg/sourceRow	"191"^^<http://www.w3.org/2001/XMLSchema#integer>
http://example.org/stkg/id/obs_pos_BTR80_20260205T224303Z_192	http://example.org/stkg/sourceFile	"KG2_201_400.csv"^^<http://www.w3.org/2001/XMLSchema#string>
http://example.org/stkg/id/obs_pos_BTR80_20260205T224303Z_192	http://example.org/stkg/sourceRow	"192"^^<http://www.w3.org/2001/XMLSchema#integer>
http://example.org/stkg/id/obs_pos_BTR80_20260205T224304Z_193	http://example.org/stkg/sourceFile	"KG2_201_400.csv"^^<http://www.w3.org/2001/XMLSchema#string>
http://example.org/stkg/id/obs_pos_BTR80_20260205T224304Z_193	http://example.org/stkg/sourceRow	"193"^^<http://www.w3.org/2001/XMLSchema#integer>
http://example.org/stkg/id/obs_pos_BTR80_20260205T224305Z_194	http://example.org/stkg/sourceFile	"KG2_201_400.csv"^^<http://www.w3.org/2001/XMLSchema#string>
http://example.org/stkg/id/obs_pos_BTR80_20260205T224305Z_194	http://example.org/stkg/sourceRow	"194"^^<http://www.w3.org/2001/XMLSchema#integer>
http://example.org/stkg/id/obs_pos_BTR80_20260205T224306Z_195	http://example.org/stkg/sourceFile	"KG2_201_400.csv"^^<http://www.w3.org/2001/XMLSchema#string>
http://example.org/stkg/id/obs_pos_BTR80_20260205T224306Z_195	http://example.org/stkg/sourceRow	"195"^^<http://www.w3.org/2001/XMLSchema#integer>
http://example.org/stkg/id/obs_pos_BTR80_20260205T224307Z_196	http://example.org/stkg/sourceFile	"KG2_201_400.csv"^^<http://www.w3.org/2001/XMLSchema#string>
http://example.org/stkg/id/obs_pos_BTR80_20260205T224307Z_196	http://example.org/stkg/sourceRow	"196"^^<http://www.w3.org/2001/XMLSchema#integer>
http://example.org/stkg/id/obs_pos_BTR80_20260205T224308Z_197	http://example.org/stkg/sourceFile	"KG2_201_400.csv"^^<http://www.w3.org/2001/XMLSchema#string>
http://example.org/stkg/id/obs_pos_BTR80_20260205T224308Z_197	http://example.org/stkg/sourceRow	"197"^^<http://www.w3.org/2001/XMLSchema#integer>
http://example.org/stkg/id/obs_pos_BTR80_20260205T224309Z_198	http://example.org/stkg/sourceFile	"KG2_201_400.csv"^^<http://www.w3.org/2001/XMLSchema#string>
http://example.org/stkg/id/obs_pos_BTR80_20260205T224309Z_198	http://example.org/stkg/sourceRow	"198"^^<http://www.w3.org/2001/XMLSchema#integer>
http://example.org/stkg/id/obs_pos_BTR80_20260205T224310Z_199	http://example.org/stkg/sourceFile	"KG2_201_400.csv"^^<http://www.w3.org/2001/XMLSchema#string>
http://example.org/stkg/id/obs_pos_BTR80_20260205T224310Z_199	http://example.org/stkg/sourceRow	"199"^^<http://www.w3.org/2001/XMLSchema#integer>
http://example.org/stkg/id/obs_pos_BTR80_20260205T224311Z_200	http://example.org/stkg/sourceFile	"KG2_201_400.csv"^^<http://www.w3.org/2001/XMLSchema#string>
http://example.org/stkg/id/obs_pos_BTR80_20260205T224311Z_200	http://example.org/stkg/sourceRow	"200"^^<http://www.w3.org/2001/XMLSchema#integer>
